iter_num,cross_entropy,exact_match,top_1_accuracy,top_3_accuracy,top_5_accuracy,top_10_accuracy,epoch,learning_rate
1,0.5531855053576897,0.43912404096326213,0.8656122201675893,0.937807121497503,0.9534258299794474,0.9683260530629615,0.0024143654745737136,5.833333333333333e-07
2,0.5684665864850172,0.43568651307958844,0.8620116641443972,0.9356301252483307,0.9518854043614587,0.967604422909204,0.004828730949147427,1.1666666666666666e-06
3,0.5762543856626434,0.4312743831804322,0.8598035333463738,0.9341736520946742,0.950752613273665,0.96686831772446,0.007243096423721141,1.7499999999999998e-06
4,0.6023986467440844,0.40811113305681745,0.8546741817557055,0.9317442515295847,0.9487219257972453,0.9648539139232774,0.009657461898294854,2.333333333333333e-06
5,0.5638433987365998,0.4332490526720951,0.8631858243251497,0.9368969097349457,0.9530667903383413,0.9682055965249786,0.012071827372868568,2.916666666666666e-06
6,0.5816472349582807,0.42551252548695656,0.8583771241904893,0.9338815299895817,0.9504886639876966,0.9668735045279174,0.014486192847442281,3.4999999999999995e-06
7,0.5741935278406401,0.42612785690626037,0.8611941801747705,0.9355305571373814,0.9517550789340408,0.9670578722343969,0.016900558322015997,4.083333333333333e-06
8,0.5924744752641488,0.4192961884560151,0.8556400499713209,0.9323855388570922,0.9494999527582051,0.9662035062001277,0.01931492379658971,4.666666666666666e-06
9,0.5757981287314661,0.42926557272582444,0.8599844926101323,0.9343927663990648,0.9510138254345052,0.9671758657298613,0.021729289271163424,5.25e-06
10,0.5777929719463766,0.4305807682624654,0.8600806630535446,0.9342567008877898,0.9508893404628798,0.96679627020453,0.024143654745737136,5.833333333333332e-06
11,0.5544144873470616,0.4425675450466966,0.8645368442700979,0.9365891762128054,0.9525962459303554,0.9685093135989472,0.02655802022031085,6.4166666666666665e-06
12,0.588366986049025,0.42363719773680747,0.8571076269974772,0.932548528154438,0.9494994372087088,0.9662752236531632,0.028972385694884563,6.999999999999999e-06
13,0.5971806458296143,0.4135984095427435,0.8553016759616568,0.9319020671052795,0.9491833039514287,0.9654337084099697,0.03138675116945828,7.5833333333333324e-06
14,0.6000088437085193,0.4157150229585423,0.8550088372574766,0.9313457498829415,0.9485768507288649,0.9653688331908585,0.033801116644031994,8.166666666666666e-06
15,0.5660683258934328,0.4453365661704792,0.8626910416008506,0.9350265284521109,0.9511874572294924,0.9669899965926759,0.0362154821186057,8.75e-06
16,0.5765894436265784,0.43701934433974643,0.8608802560217397,0.9345122686625269,0.9508418603941086,0.9664462861962757,0.03862984759317942,9.333333333333333e-06
17,0.5932816235645696,0.42494948964865786,0.8568342463353831,0.9323255228979196,0.949190564855284,0.9653525387534646,0.04104421306775313,9.916666666666666e-06
18,0.574458349515119,0.4346942654702524,0.8601955745718705,0.9343848074741242,0.9510128446004681,0.9668689270593489,0.04345857854232685,1.05e-05
19,0.5884917247871354,0.42358613603130063,0.8561373783847636,0.9323102181855496,0.9494600844296702,0.9662849274663701,0.045872944016900556,1.1083333333333331e-05
20,0.5855140095981203,0.4240885986914573,0.8572307433846512,0.9319491170705423,0.9489633889371198,0.966029683458848,0.04828730949147427,1.1666666666666665e-05
21,0.5774286658116665,0.43579275823961516,0.85974131212773,0.9342385134061365,0.9507950908194582,0.9668214645171543,0.05070167496604799,1.225e-05
22,0.5720244573063243,0.44490246880875617,0.8613427291348112,0.9349151762619523,0.9509922668850493,0.9665997583282269,0.0531160404406217,1.2833333333333333e-05
23,0.5622069618662192,0.4432976855128306,0.8632018235112516,0.9360081918675864,0.952332759310925,0.9679530399091107,0.05553040591519541,1.3416666666666666e-05
24,0.5684217548323496,0.43298859648540894,0.8611436859205259,0.9351850879996947,0.9517187253999227,0.9676717413395801,0.057944771389769126,1.3999999999999998e-05
25,0.559305410776563,0.43756512848744616,0.862791644220414,0.9366846284403604,0.9527366614386183,0.9682905427038665,0.06035913686434284,1.4583333333333331e-05
26,0.5694147281050793,0.44253217192786964,0.8612796556791937,0.9338403985265207,0.9505086557364534,0.9670013169698242,0.06277350233891656,1.5166666666666665e-05
27,0.5780941675698998,0.4332427022410005,0.8590110231952762,0.9337200803074891,0.9505778780349093,0.966790620360086,0.06518786781349027,1.5749999999999997e-05
28,0.5547864708840193,0.44469691994483485,0.8646421865797655,0.9367637527478768,0.9526243596241792,0.9680745150707265,0.06760223328806399,1.633333333333333e-05
29,0.564598925704134,0.4378523472314286,0.8623789563586828,0.9354624767694022,0.9516240543745095,0.9673046780877311,0.07001659876263769,1.6916666666666663e-05
30,0.5655364480894868,0.4382172635274405,0.8624248423347534,0.9350162414056095,0.9513249417018015,0.9670036491856389,0.0724309642372114,1.75e-05
31,0.5753897803707508,0.42735491664970554,0.8590242962188281,0.9337240525123524,0.9505840749173173,0.9672012496397839,0.07484532971178512,1.808333333333333e-05
32,0.5465792440097901,0.4516047346652555,0.8671188126894318,0.9385019985668941,0.9540733003588493,0.9685709661912084,0.07725969518635883,1.8666666666666665e-05
33,0.5674944295479235,0.4497707405574798,0.861284222791512,0.9337767303865036,0.9502912745510164,0.9669131768512956,0.07967406066093255,1.925e-05
34,0.5939427719114323,0.4140240684393305,0.8556545999820555,0.9318731518653632,0.9490468445457478,0.9654221048833707,0.08208842613550626,1.9833333333333332e-05
35,0.552964715863126,0.44885326561384015,0.8647612047508477,0.9368481843065476,0.9529268019119848,0.9685391166974114,0.08450279161007998,2.0416666666666667e-05
36,0.5580870424312693,0.43816967438606874,0.8636431104698751,0.9360265246444472,0.9522965895862994,0.968056455073096,0.0869171570846537,2.1e-05
37,0.5649484199968207,0.44463048987862164,0.8620315658120735,0.9353971122752647,0.9517671870987083,0.9675319529615743,0.0893315225592274,2.158333333333333e-05
38,0.5827790860583741,0.42062716942285105,0.8582370431256978,0.9334768199433977,0.950160599035117,0.9663183560234065,0.09174588803380111,2.2166666666666662e-05
39,0.5796038209202025,0.4328681408463802,0.8585458782444991,0.9328400563445092,0.9496073688918547,0.9662696679521272,0.09416025350837483,2.2749999999999997e-05
40,0.5452607047414445,0.4457864287573151,0.8672293752388823,0.938103647616998,0.9537456989249877,0.9682487496999805,0.09657461898294854,2.333333333333333e-05
41,0.573326707522401,0.4309706181952878,0.860732197642962,0.9346965308814742,0.9512016197238222,0.9668003390652414,0.09898898445752226,2.3916666666666664e-05
42,0.5558965448844395,0.4487893170823811,0.8646652394624357,0.9368879787876401,0.9528325708053202,0.9679580716991129,0.10140334993209597,2.45e-05
43,0.5457021175632435,0.4557915509917383,0.8669633110166192,0.9368272541280832,0.9527484293053827,0.968303172688617,0.10381771540666969,2.508333333333333e-05
44,0.5537014020365381,0.44797807910815735,0.865255131013223,0.9363878430418164,0.9521609666012912,0.9676654307378829,0.1062320808812434,2.5666666666666666e-05
45,0.5702994503663181,0.4373652072235936,0.8618697551675841,0.9350178834319964,0.9511628406382202,0.9664836567621802,0.1086464463558171,2.6249999999999998e-05
46,0.5583882467962484,0.4306719472825906,0.8631462390225276,0.9367186903398244,0.9528369606720122,0.968126670484918,0.11106081183039082,2.6833333333333333e-05
47,0.5662887065910013,0.426504710426764,0.8608605932185182,0.9350408390982025,0.9516247548866308,0.9677498365910872,0.11347517730496454,2.741666666666666e-05
48,0.5676856806136674,0.43125174462655025,0.8612019303020689,0.9349594116538529,0.9513793835533111,0.9673093850561415,0.11588954277953825,2.7999999999999996e-05
49,0.5519088194135334,0.44347551592155626,0.8652474148797205,0.9375649440801056,0.9535360590524772,0.9684861982200671,0.11830390825411197,2.858333333333333e-05
50,0.5558854512482919,0.4465795744849393,0.8628828969017887,0.9352495939107859,0.9516468630055709,0.968449385985471,0.12071827372868568,2.9166666666666663e-05
51,0.5477598571513704,0.4465227503521473,0.8662548121024914,0.937945474452067,0.9536071797094172,0.9686255213011601,0.1231326392032594,2.9749999999999998e-05
52,0.5857029327019394,0.43436706589214263,0.857772657779813,0.9313804198239325,0.9478695163748506,0.9644048837148288,0.1255470046778331,3.033333333333333e-05
53,0.5380172880915369,0.4588987604547002,0.86969570435625,0.9390463828355592,0.9544823538113906,0.9691853237540533,0.12796137015240683,3.091666666666666e-05
54,0.5286928358821327,0.4731469590701044,0.8709465225515043,0.9391918159836556,0.9543613058516613,0.9692455419559154,0.13037573562698054,3.149999999999999e-05
55,0.5609437266928281,0.43787618796198524,0.8620198725594213,0.9353509436339608,0.9518935917462872,0.9682124003281707,0.13279010110155426,3.208333333333333e-05
56,0.5567553184834181,0.4440316791820626,0.8637424118278374,0.9358845085088219,0.952412061668379,0.9682171249196504,0.13520446657612797,3.266666666666666e-05
57,0.5589408923571032,0.4435409167901757,0.8633998664787762,0.9360816054233095,0.9523112581106509,0.967767842954608,0.13761883205070166,3.3249999999999995e-05
58,0.5289593041358421,0.4579180326787469,0.8703203967521621,0.9396441393940927,0.9550312224169364,0.9699867625162962,0.14003319752527538,3.383333333333333e-05
59,0.5624345262013773,0.4356630942205273,0.8626997821101191,0.935471661189588,0.9516184230309366,0.9673007667910047,0.1424475629998491,3.4416666666666665e-05
60,0.5474951395145582,0.44625743939132856,0.8663252421578461,0.938063519847447,0.9538179767066532,0.9686719471027433,0.1448619284744228,3.5e-05
61,0.5711057148811842,0.4400177792884363,0.8612574239377434,0.9345944284796711,0.9511740391470452,0.9667610873521774,0.14727629394899652,3.5e-05
62,0.5187521507728006,0.47322074471583214,0.8728309384546232,0.9408547507732419,0.9559946405105257,0.9706034483581315,0.14969065942357024,3.499980203051967e-05
63,0.5483122387492899,0.45419933255641487,0.8661389248194589,0.9374828766305983,0.9535003269549279,0.9687326081457122,0.15210502489814395,3.499920812656417e-05
64,0.5264183218957411,0.46087912670234754,0.8706880216126945,0.9399221503867422,0.9552863514974476,0.970283499557293,0.15451939037271767,3.4998218301589844e-05
65,0.5464054708386776,0.4529267603597921,0.8656024507864196,0.937151819975265,0.9532167287748311,0.968978535093778,0.15693375584729138,3.499683257802361e-05
66,0.5370314071774026,0.4605714517689565,0.8678632882511998,0.9368263037185004,0.9529866615116953,0.9693145558729681,0.1593481213218651,3.4995050987262426e-05
67,0.5335304419922812,0.45247161033424055,0.8692026943245551,0.9389171251310722,0.9544171754838039,0.969239492387192,0.16176248679643881,3.4992873569672606e-05
68,0.5564783434693297,0.4449961078294771,0.8635495249644803,0.9362435373740584,0.952505993126577,0.9681365635844122,0.16417685227101253,3.499030037458887e-05
69,0.5606851404466372,0.442705047318612,0.8632282652361146,0.9357353669463457,0.9520938713934428,0.9677682070483699,0.16659121774558625,3.498733146031327e-05
70,0.5443855825092994,0.445127462186661,0.8669908622482249,0.9383103895025171,0.954105018746187,0.9690112687163516,0.16900558322015996,3.498396689411384e-05
71,0.5509032900300768,0.4539568963806979,0.865917643377007,0.9367679443093822,0.9525664169392296,0.9680657700395773,0.17141994869473368,3.498020675222306e-05
72,0.5278724048634788,0.4602165070026898,0.8706187207129592,0.9399072737047632,0.9551261593768381,0.9699934693745149,0.1738343141693074,3.497605111983617e-05
73,0.5528460763705653,0.4409526915029483,0.865452881574603,0.9363571560804402,0.952225044707014,0.9678190611240785,0.17624867964388108,3.497150009110922e-05
74,0.53844799325052,0.4627666923243926,0.8687731518820733,0.9383211431505745,0.9536299001337214,0.9685158265573861,0.1786630451184548,3.49665537691569e-05
75,0.5272388598242428,0.45866447245190123,0.8702808341267512,0.939312243928862,0.9547782844516349,0.9699350709780874,0.1810774105930285,3.496121226605027e-05
76,0.5239083810451236,0.4644309971463844,0.8721016235489031,0.9399257320858003,0.9550708704100291,0.9696457815595689,0.18349177606760222,3.4955475702814176e-05
77,0.5291685659129024,0.4558312487323372,0.870755290901153,0.9396893332665336,0.9552575012584603,0.9700479288486817,0.18590614154217594,3.494934420942452e-05
78,0.5077155848392024,0.47920273303536753,0.8753323271636229,0.9422722061368716,0.9570234750657972,0.9714167614127234,0.18832050701674966,3.494281792480531e-05
79,0.5498740565036269,0.4483014544081457,0.8662357824185674,0.9376060964569212,0.9534175407718215,0.9683332052738858,0.19073487249132337,3.493589699682553e-05
80,0.5289878513690702,0.4561214863875347,0.870092690053736,0.9397352421650519,0.955136506215759,0.9700801888728038,0.19314923796589709,3.492858158229576e-05
81,0.544811650093217,0.44936356065027644,0.8672213978653663,0.9379477172206822,0.9537542165455578,0.9690115510685097,0.1955636034404708,3.492087184696465e-05
82,0.5321429426647544,0.45246406914804516,0.8691171590966057,0.939334795862586,0.9547195214235072,0.9697122764132544,0.19797796891504452,3.4912767965515156e-05
83,0.540053617503781,0.4514576393385715,0.8680469317490878,0.9381572454133016,0.9538137295983674,0.9689705235245775,0.20039233438961823,3.490427012156057e-05
84,0.5222074244731265,0.4625285889048455,0.8716335410750814,0.9404956122289763,0.9558340820847913,0.9704004989237542,0.20280669986419195,3.489537850764039e-05
85,0.5334277956531345,0.4604215581288619,0.8699832440829475,0.939088997202258,0.954595377046302,0.9693374351614713,0.20522106533876566,3.488609332521591e-05
86,0.5185539675723638,0.46947385446923795,0.872632769828095,0.9405229915195078,0.9558544884387506,0.9708939659339302,0.20763543081333938,3.487641478466571e-05
87,0.5326544461221949,0.4756424706200278,0.8702676673989059,0.9381902921591544,0.9534799816168663,0.9680714746928867,0.2100497962879131,3.486634310528084e-05
88,0.5302731583792282,0.45596958477646404,0.8702183061057094,0.9400112705519373,0.9553534405960318,0.9699369240363845,0.2124641617624868,3.48558785152599e-05
89,0.5378052576026308,0.4563956935970588,0.8684542410634403,0.938751885418113,0.9542847244987209,0.9693089003187019,0.21487852723706052,3.484502125170381e-05
90,0.5155208156903488,0.46796529295729594,0.8725549506910881,0.9414337991478886,0.956778007318807,0.9714566525284236,0.2172928927116342,3.4833771560610504e-05
91,0.5326120551759729,0.4597752628729186,0.8694693072972274,0.9387166856060064,0.9542426506297689,0.9693726546466263,0.21970725818620793,3.48221296968693e-05
92,0.5186891023914721,0.47435538303520214,0.8732672738186923,0.940841805499488,0.9561155631139397,0.9706110552821368,0.22212162366078164,3.481009592425516e-05
93,0.5476792584845824,0.459461247386944,0.8660064491248435,0.9363440067813178,0.9523632472431804,0.9682779614808932,0.22453598913535536,3.4797670515422705e-05
94,0.5208237149421755,0.4766027499516792,0.872569588283244,0.9401500674835969,0.955352012385674,0.9700580912546222,0.22695035460992907,3.478485375190003e-05
95,0.5268639418549846,0.46295498100170424,0.8702094390186428,0.9397833007848835,0.9553087682375467,0.9703867938838807,0.2293647200845028,3.4771645924082324e-05
96,0.5234861658108868,0.46121131932818493,0.8716676360440433,0.9405529124979066,0.9557949602237186,0.9702578480203946,0.2317790855590765,3.475804733122531e-05
97,0.5467378737660299,0.45258884049116027,0.8661737702994159,0.9375726619027651,0.9535464733245841,0.9688710087535379,0.23419345103365022,3.474405828143843e-05
98,0.5431171983393942,0.45954821700760823,0.8672837532251952,0.9381115700388789,0.9540454424399897,0.9690190347371305,0.23660781650822393,3.4729679091677916e-05
99,0.5404966015952022,0.45566727009885,0.86826334444157,0.9391912338161328,0.9546737166263671,0.969116174464547,0.23902218198279765,3.4714910087739545e-05
100,0.5437445953951555,0.451959851805538,0.8674712016829296,0.9378358093945757,0.9534484264045129,0.9686421241022221,0.24143654745737136,3.46997516042513e-05
101,0.5222027738029625,0.47278210337396503,0.8724057602205352,0.9404787074869218,0.9554581826564347,0.9700911626060068,0.24385091293194508,3.46842039846658e-05
102,0.5169786418422359,0.4766418054694634,0.872228085676766,0.9396447653512321,0.9549280943168089,0.9704348232872547,0.2462652784065188,3.466826758125246e-05
103,0.5388640274100089,0.45671484993151507,0.8673178106064438,0.9377431888047016,0.9536632572912501,0.9693199159760908,0.2486796438810925,3.465194275508957e-05
104,0.5107256763131252,0.47418290573072436,0.8752832422234532,0.9418051446187437,0.9566675780040376,0.9709980003063239,0.2510940093556662,3.463522987605609e-05
105,0.5411501481615336,0.45319116707608614,0.8680841843625704,0.9387373491031858,0.9542047796360055,0.9689358022169554,0.2535083748302399,3.461812932282325e-05
106,0.5084536416546266,0.4752279796878739,0.8754894559988242,0.9422821270662606,0.957029031910193,0.971128895726189,0.25592274030481366,3.460064148284601e-05
107,0.5343283403111077,0.46307512835553327,0.8693900986242998,0.9390657037147341,0.9545089212418338,0.9693426573960588,0.25833710577938734,3.4582766752354244e-05
108,0.5247662217573621,0.467966275355428,0.8718977564070447,0.9399795104358876,0.9552374122071803,0.9699103068615227,0.2607514712539611,3.45645055363438e-05
109,0.5453040215690422,0.4529367892336429,0.8663941734893383,0.9378451113521109,0.9538567506262602,0.9688550131361887,0.2631658367285348,3.4545858248567276e-05
110,0.5240308887987947,0.46929174326434603,0.8716815510703504,0.9402853376931894,0.9552174630944098,0.9699109799082025,0.2655802022031085,3.452682531152469e-05
111,0.5419238815558044,0.45588817874498205,0.8674460374138052,0.9380767301367137,0.953669236302264,0.9687978047920179,0.2679945676776822,3.450740715645389e-05
112,0.5431592854991139,0.45976430755501896,0.8679716919880535,0.9378795343614656,0.9534843641391111,0.9685740774689306,0.27040893315225595,3.448760422332077e-05
113,0.5136540068200367,0.4773140709856462,0.8736615271536675,0.9411923892888763,0.9562300586338807,0.9708286301340442,0.27282329862682964,3.4467416960809325e-05
114,0.5291424583005111,0.46451258409499047,0.8703719254316992,0.9391665839656779,0.954604313938043,0.9697605424675939,0.2752376641014033,3.444684582631148e-05
115,0.5283599332575406,0.45545659976073377,0.870569074032451,0.9401005093229531,0.95532722794791,0.969851975183331,0.27765202957597707,3.44258912859167e-05
116,0.5346089292277373,0.46121405920011654,0.869650732846916,0.9387597931223043,0.9540470604290341,0.9690217876244613,0.28006639505055075,3.440455381440146e-05
117,0.5498535399593936,0.4600598940928487,0.8661666116106463,0.9372604824434944,0.9530746082270879,0.9679674208386718,0.2824807605251245,3.4382833895218506e-05
118,0.5284842905198668,0.4655126989145326,0.8704909334348735,0.9398049932195205,0.9551815555689162,0.969724514988152,0.2848951259996982,3.4360732020485816e-05
119,0.5575975464330915,0.4457023714413765,0.8640787406311453,0.9363512276726569,0.9524036641358405,0.9678884431337557,0.2873094914742719,3.433824869097556e-05
120,0.5160707833044142,0.47641565352546794,0.8739184720769154,0.9414123055540706,0.9562716210127606,0.9704298047331403,0.2897238569488456,3.431538441610266e-05
121,0.540376144617463,0.4509276400783133,0.8678181215990624,0.9381629472104794,0.9537940171176752,0.968694431267294,0.29213822242341936,3.429213971391334e-05
122,0.4956254211510927,0.4912780978976971,0.8783237054891117,0.9439032559098169,0.9583106711628413,0.9720301106295599,0.29455258789799305,3.426851511107329e-05
123,0.5379766555370197,0.45378296011660263,0.8679779194924232,0.9390843880809542,0.9547729437431881,0.9695696324305546,0.2969669533725668,3.424451114285578e-05
124,0.5160251913668609,0.4693403540722265,0.8732851868397039,0.9416901481048762,0.9565617256375306,0.9708939937153744,0.2993813188471405,3.4220128353129585e-05
125,0.534571879834151,0.46205450455531744,0.868941475336464,0.9384797730280957,0.954134669614833,0.9694679654121691,0.3017956843217142,3.419536729434654e-05
126,0.5276804371958099,0.46005473823810483,0.8703132911196085,0.9404106938254673,0.9557925047016812,0.9703325225587645,0.3042100497962879,3.417022852752916e-05
127,0.5088952260661048,0.4706094410286195,0.8746271619358997,0.9420827589563445,0.9569037131832104,0.9710785976755805,0.30662441527086165,3.4144712622257804e-05
128,0.5138918526141822,0.4734531421233452,0.8733352452949757,0.9403401160252131,0.9555344847414485,0.970968882585672,0.30903878074543534,3.411882015665787e-05
129,0.5123167817011682,0.4696749922175638,0.872852964992301,0.9410437082098486,0.9562493230311598,0.9716548673284221,0.3114531462200091,3.409255171738661e-05
130,0.5246805021780913,0.4634874403647961,0.8719438622472372,0.9406203378169807,0.9558036380950836,0.9702116473050644,0.31386751169458277,3.406590789961993e-05
131,0.535665251156416,0.4506895912748835,0.8688918220289427,0.9392925934500808,0.9549219866958496,0.9695040420844601,0.31628187716915646,3.4038889307038825e-05
132,0.5153380735721556,0.4610673311319544,0.8727676398678477,0.9415721426649184,0.9566845312735595,0.9710334751431936,0.3186962426437302,3.401149655181574e-05
133,0.5126963747845263,0.46887252621645686,0.8740624525677607,0.9414451093841135,0.9562940851341276,0.9708590640801797,0.3211106081183039,3.3983730254600696e-05
134,0.5420952013029405,0.46061921087650526,0.8666897019429333,0.9370263590057352,0.9529626976472042,0.968725317216276,0.32352497359287763,3.39555910445072e-05
135,0.525648113793944,0.46495601366412115,0.8703108114877872,0.939661683281925,0.9552459129804172,0.9706311889750068,0.3259393390674513,3.3927079559098054e-05
136,0.4971157217259278,0.46613927681892126,0.8770852633597582,0.9440207264563808,0.9584674214719753,0.9723340352189472,0.32835370454202506,3.3898196444370834e-05
137,0.5440480070450895,0.4532695563166804,0.8660699069152173,0.9370313597233474,0.9530217586097098,0.9687028137392547,0.33076807001659875,3.386894235474331e-05
138,0.5235237446335423,0.4679064266873958,0.8706199139314669,0.9402751004983995,0.9556675942952513,0.9707727793588242,0.3331824354911725,3.38393179530386e-05
139,0.49424138030910597,0.48308007580983253,0.878774457491834,0.9437031444187569,0.9581728924414442,0.9717964479961513,0.3355968009657462,3.380932391047013e-05
140,0.5204169425015944,0.47925830550127124,0.8720789122167469,0.9399092559156951,0.9550891257002256,0.9701019056830583,0.3380111664403199,3.377896090662646e-05
141,0.519056237542025,0.4710730596647271,0.8711822778783109,0.9401692805552547,0.9556608224910987,0.9711876689787967,0.3404255319148936,3.374822962945587e-05
142,0.5467914358478971,0.45184046425885627,0.8663604495171069,0.9368350797379534,0.9528647269521343,0.9683710252676856,0.34283989738946735,3.3717130775250766e-05
143,0.5452637225834392,0.4562770562770563,0.8658896622555495,0.9370179715479127,0.9530509060225876,0.9685579045030048,0.34525426286404104,3.368566504863194e-05
144,0.5359895196981678,0.4509361801190595,0.8671897661175824,0.9377900630505474,0.9538384692304169,0.970009484298429,0.3476686283386148,3.3653833162532554e-05
145,0.5250631995552143,0.4620225621798949,0.8715874133614241,0.9403076432780678,0.9555314150712956,0.9700686620255871,0.35008299381318847,3.3621635838182e-05
146,0.5191240588292128,0.4719841967217447,0.8723111324130636,0.9406463211803997,0.9559484004758567,0.9706504075907937,0.35249735928776216,3.35890738050896e-05
147,0.5368030471776367,0.46146737278137534,0.8688554412747039,0.9388231114812069,0.9541815539214259,0.9687048935876617,0.3549117247623359,3.355614780102803e-05
148,0.5341852957436355,0.45696626080490754,0.8690947928994648,0.9386829196856058,0.9542881457238275,0.9694173059924659,0.3573260902369096,3.352285857201662e-05
149,0.5157971711086924,0.466694999103544,0.8734993003575526,0.9415521753821308,0.9564307926672126,0.9705773147856498,0.35974045571148333,3.348920687230445e-05
150,0.49396845551456237,0.48695582533019216,0.8782085204885783,0.9440650572548316,0.9585747681724502,0.9723858828200194,0.362154821186057,3.345519346435327e-05
151,0.5415350237125044,0.4522340698109861,0.8666002559104142,0.9380118566100172,0.9539165648082151,0.9690836937738961,0.36456918666063076,3.3420819118820205e-05
152,0.5109107515525324,0.4799441202617525,0.8747978070112655,0.9409042977044236,0.9557523010635709,0.9704189868163015,0.36698355213520445,3.3386084614540325e-05
153,0.5239325846716771,0.4706416966850426,0.8713481873021703,0.9396374842869308,0.9549047436175719,0.9696801570472072,0.3693979176097782,3.335099073850896e-05
154,0.5184771021480045,0.4696741088342229,0.8726262794970294,0.9409281572856768,0.956018229104531,0.9706377800577414,0.3718122830843519,3.3315538285863896e-05
155,0.5597122557535723,0.4406326209992835,0.8628253834919484,0.9353409188533901,0.9516742871870257,0.9680405876232567,0.3742266485589256,3.327972805986736e-05
156,0.5239274666339906,0.45618278669302154,0.8711700695915107,0.9399825102846301,0.9551808153184336,0.969997457169042,0.3766410140334993,3.3243560871887786e-05
157,0.5118484190474769,0.47179924229814035,0.8741877609447691,0.9418003101514971,0.9567763330549922,0.9711282357151377,0.37905537950807305,3.3207037541381485e-05
158,0.5250593250044983,0.46964731430538725,0.8716258592561975,0.9397076834519738,0.955025139299498,0.9698662514808178,0.38146974498264674,3.3170158895874034e-05
159,0.5262110615540948,0.46237565056986624,0.8705744806243721,0.9399320940375893,0.9553276116714268,0.9701605071711655,0.3838841104572205,3.313292577094154e-05
160,0.5246254935960022,0.4662366325967577,0.8709494079532261,0.9406058714585878,0.9558616997060883,0.9703473159734998,0.38629847593179417,3.3095339010191725e-05
161,0.5147458530779181,0.4775659149187981,0.8742360224737865,0.9410461523779986,0.9559547184215863,0.970341281864704,0.3887128414063679,3.305739946524478e-05
162,0.5172558494843007,0.4732805346524233,0.8734019166023121,0.9412347279404114,0.9561457182867611,0.9703832536419549,0.3911272068809416,3.301910799571411e-05
163,0.5283147135685052,0.4715559665975846,0.8711890883967356,0.938803544572445,0.9541860385223186,0.9691257472001465,0.3935415723555153,3.29804654691868e-05
164,0.5325832080417037,0.46561332196944866,0.8698750867254476,0.9389906159964193,0.9543306417826266,0.968819398251844,0.39595593783008903,3.294147276120403e-05
165,0.5355610796437352,0.45372769332452084,0.8683490498063157,0.9384342441920944,0.953994840810468,0.9694428247087578,0.3983703033046627,3.2902130755241166e-05
166,0.545363196449703,0.4520926991698882,0.8662130740066206,0.9368659534418443,0.952996078790725,0.9686713705905486,0.40078466877923646,3.286244034268779e-05
167,0.5009001087845277,0.4836477151965994,0.8765508190652652,0.9428841573280807,0.9574192920532136,0.9714773801169814,0.40319903425381015,3.2822402422827495e-05
168,0.5241229245605592,0.47138058055980697,0.8714971939367269,0.9406569405080221,0.9558418523931486,0.9702205998169067,0.4056133997283839,3.2782017902817506e-05
169,0.5124381607171922,0.4706986305912,0.8737145235218094,0.9414245570630334,0.9563233893244603,0.9706175441409762,0.4080277652029576,3.27412876976681e-05
170,0.5074738316269892,0.47426624424651803,0.8751892201122953,0.942728265115404,0.9574112683024198,0.9713082618873208,0.4104421306775313,3.270021273022193e-05
171,0.5161603165746332,0.4728612437659572,0.8726886951343913,0.9410375715565769,0.9563971269539394,0.9710591279902514,0.412856496152105,3.265879393113307e-05
172,0.5193746506111956,0.4656772536507222,0.871601415401682,0.9405752778224619,0.9559326629284762,0.970819870421914,0.41527086162667876,3.2617032238845914e-05
173,0.47987970857157647,0.4995905323079996,0.8816532648873382,0.9451501027931275,0.9592546758220825,0.9729257320847287,0.41768522710125244,3.2574928599574e-05
174,0.5016695500807183,0.47767872138879,0.877331409419543,0.9427225288777933,0.957089851354756,0.9706627005031188,0.4200995925758262,3.253248396727847e-05
175,0.5431707870987543,0.46436568400132494,0.867422212828126,0.9372764362828198,0.9530244828064979,0.968501998445521,0.4225139580503999,3.248969930364652e-05
176,0.5130725689802499,0.468849989334471,0.8735856783255234,0.941420617094332,0.9564752139917735,0.9710825926629483,0.4249283235249736,3.244657557806956e-05
177,0.5099846829354366,0.4770365779688283,0.8748033340984435,0.9419782501948167,0.9568029342051453,0.970769136063456,0.4273426889995473,3.240311376762132e-05
178,0.523641735364451,0.4666671083666817,0.8717489683848003,0.9407204267923092,0.9557262160554929,0.9700938977443351,0.42975705447412105,3.235931485703564e-05
179,0.5113629678141388,0.4811634532564765,0.8742398609158978,0.941525707562698,0.9563248629054035,0.9707189606096952,0.43217141994869473,3.231517983868421e-05
180,0.5043943718524679,0.48257782705395963,0.8754541133169028,0.942024309738213,0.9569038587461796,0.9713467144436193,0.4345857854232684,3.227070971255406e-05
181,0.544496716206934,0.4573529793250149,0.8667867177607687,0.93809907222109,0.9538969434698712,0.9687669880809595,0.43700015089784217,3.222590548622489e-05
182,0.5259144921920671,0.4603921568627451,0.8704455064047659,0.9401929183735306,0.9555605392934597,0.9703703526975409,0.43941451637241585,3.2180768174846284e-05
183,0.5221541059333236,0.46976185605785664,0.8720267995507954,0.9405830019105037,0.9557782593941847,0.970234228799399,0.4418288818469896,3.213529880111467e-05
184,0.5095727197274498,0.4731929599829204,0.8738553700101576,0.9411521944595924,0.9563469741882449,0.9711414644107323,0.4442432473215633,3.208949839525017e-05
185,0.5222052912320493,0.46844972560630005,0.8717752609134188,0.9400617203252436,0.9553863579759779,0.9703135541384013,0.446657612796137,3.204336799497325e-05
186,0.5186128815034876,0.46321648070480864,0.8722004099893876,0.9411079256980126,0.9563565533406119,0.9708984837263989,0.4490719782707107,3.19969086454812e-05
187,0.5101595329232584,0.4820006559527714,0.8742831023038062,0.9413518042442253,0.9563921031989144,0.9708259615733292,0.45148634374528446,3.195012139942447e-05
188,0.5354012978801912,0.4563962702731259,0.8684742547968443,0.9391696886952755,0.9547568686154577,0.9697611094732845,0.45390070921985815,3.1903007316882807e-05
189,0.5247543174307764,0.4626452611421526,0.8712108304734252,0.9400462071437332,0.9553066866728995,0.9698269546762421,0.4563150746944319,3.1855567465341236e-05
190,0.5141990024527332,0.4758764728290139,0.8736874946927319,0.9412412662640934,0.9561350111774646,0.9705078089593365,0.4587294401690056,3.180780291966588e-05
191,0.515392553421388,0.47705294051545777,0.8735804957563993,0.94128389321377,0.9562813211899451,0.9705314784221993,0.4611438056435793,3.1759714762079614e-05
192,0.5282882230135763,0.4569332844330344,0.869467511802721,0.939531898955826,0.9552734724452089,0.9704849671861693,0.463558171118153,3.171130408213751e-05
193,0.528609590795944,0.4670170291976084,0.8698257894267102,0.9398923169514654,0.9553322009160838,0.9701797851589067,0.46597253659272675,3.1662571976702204e-05
194,0.5280060635580327,0.4707632227289406,0.8705677439366284,0.9392324302399103,0.9545165408062226,0.9694422771792944,0.46838690206730044,3.161351954991899e-05
195,0.5228145307664712,0.4774887725792221,0.8720267990713855,0.9399602499528773,0.9550805379856318,0.9695795227608388,0.4708012675418741,3.156414791319083e-05
196,0.5184985133673928,0.46727518099201576,0.8724421658837759,0.9409294014643119,0.9561197882497203,0.97069992580629,0.47321563301644787,3.151445818515319e-05
197,0.5215761600652339,0.4641035286043304,0.8715781154022929,0.9400790463276771,0.9554544686566181,0.9703989114305992,0.47562999849102156,3.146445149164866e-05
198,0.5209926233657257,0.47281158890939806,0.8717528051926485,0.9403295892589061,0.9554542947100991,0.9702339879498639,0.4780443639655953,3.1414128965701455e-05
199,0.5184461466818047,0.4745045790862524,0.8720370301421233,0.9409835689961822,0.9561706242941332,0.9708120797616354,0.480458729440169,3.136349174749176e-05
200,0.54035493670189,0.4458963354242324,0.866711784290667,0.9381500374177192,0.9542754516853246,0.9695613536050827,0.48287309491474273,3.1312540984329864e-05
201,0.5254623597726783,0.46742098336181664,0.870499007519945,0.9396553040424476,0.9550797801274955,0.9701249188838417,0.4852874603893164,3.126127783063021e-05
202,0.5323183148148358,0.46032417567889156,0.8689500399167213,0.93837984398837,0.9542348706559847,0.9695172725116709,0.48770182586389016,3.120970344788521e-05
203,0.5241174682357269,0.461499819153639,0.8709095542276648,0.9398731791211298,0.9552724482404176,0.9702064466007557,0.49011619133846385,3.115781900463891e-05
204,0.5325537996902375,0.4816991346999213,0.8696143236623577,0.9367554173480153,0.9522593894893452,0.9680663599782605,0.4925305568130376,3.110562567646057e-05
205,0.5551733007394781,0.4503425428580618,0.8640420989543022,0.9364144693205015,0.9525971615272514,0.9679762783005048,0.4949449222876113,3.1053124645917966e-05
206,0.5452189445757217,0.45896904211411954,0.8660181186956333,0.9365421048086726,0.9526689747989926,0.9686703717009046,0.497359287762185,3.100031710255065e-05
207,0.5172995868880904,0.46642433005978085,0.8727767729743401,0.9409131038563773,0.956218354656906,0.9708607533321562,0.4997736532367587,3.094720424284295e-05
208,0.5158430344902276,0.4668720691129465,0.8722822884575655,0.9397316795861688,0.9551563580220113,0.9709355335371891,0.5021880187113325,3.089378727019691e-05
209,0.5245553325656604,0.4680661577608142,0.8714380343246785,0.9394684170388308,0.9546850675908489,0.9695604948358358,0.5046023841859062,3.0840067394904974e-05
210,0.5199709753808673,0.47223636948480135,0.8725244382681996,0.9406347173254485,0.9557954152835335,0.9703123478871707,0.5070167496604798,3.0786045834122596e-05
211,0.525316420525504,0.4697139407760153,0.8706221289421717,0.9393084741362607,0.9548304399656022,0.9701147516418657,0.5094311151350536,3.0731723811840665e-05
212,0.5031119614112363,0.48491452791464157,0.8760564213858302,0.9421696545805744,0.9570472559891522,0.9715057969236761,0.5118454806096273,3.067710255885774e-05
213,0.5377360721725135,0.4647081890072544,0.8681363150053589,0.938154419968333,0.9539220579912367,0.969072676585425,0.5142598460842009,3.062218331275221e-05
214,0.5104299065026086,0.475730873315292,0.8747858856590045,0.9418009897583067,0.9565805468440894,0.9708145866453741,0.5166742115587747,3.056696731785421e-05
215,0.5038171728395509,0.4815108189103199,0.8761688406789234,0.9424086716874956,0.9571405604710617,0.971466476735771,0.5190885770333484,3.0511455825217462e-05
216,0.5405022966932888,0.44928245052191507,0.8668498782249388,0.937370575211734,0.9532815300026828,0.9688105951463736,0.5215029425079222,3.0455650092590893e-05
217,0.5366963356236072,0.45667086658266837,0.8685955026694848,0.9386791417570411,0.9543172178194674,0.9692615618037034,0.5239173079824958,3.039955138439017e-05
218,0.5449033407845115,0.4518855571559513,0.8653409663174607,0.9368717907838066,0.9531834517693322,0.9691915245426725,0.5263316734570695,3.0343160971669053e-05
219,0.5133051684185964,0.47265265265265266,0.8729643543679405,0.9402301417769556,0.9554749346665369,0.9708719655016408,0.5287460389316433,3.0286480132090554e-05
220,0.5162966752444486,0.481853456595385,0.8734449041531259,0.9401969907374268,0.9552666867093289,0.9701598163710374,0.531160404406217,3.0229510149898038e-05
221,0.49114158167753097,0.4923131307067918,0.878686925984536,0.9439909278661355,0.9583872631362504,0.972431037040889,0.5335747698807907,3.01722523158861e-05
222,0.5285316905644928,0.4669298588433234,0.8711319882921464,0.9394430750490214,0.9547346926306585,0.9693962398162486,0.5359891353553644,3.0114707927371323e-05
223,0.5413425204553446,0.4561350119412267,0.8669111744242787,0.9374315809959375,0.9536012424771889,0.9692490711710281,0.5384035008299382,3.005687828816289e-05
224,0.4877313382413399,0.49519758874748826,0.8809623115481967,0.9447195317958135,0.9587357837953401,0.9718691899197135,0.5408178663045119,2.9998764708533014e-05
225,0.513713966068898,0.4701332130347097,0.8728064919483245,0.9409959165121772,0.9563072054725326,0.9712136309143852,0.5432322317790855,2.994036850518732e-05
226,0.5285371689637341,0.4598285400789218,0.8704265440842398,0.9393328662678156,0.9548686807753543,0.9697697570622978,0.5456465972536593,2.9881691001234914e-05
227,0.5286104024520555,0.45466876782828985,0.869549965589029,0.9395488487835889,0.9549784227461768,0.9701364316252573,0.548060962728233,2.9822733526158498e-05
228,0.5229588067381813,0.46600697942870106,0.8707970413729541,0.9398251494753864,0.9553967451666006,0.970628510171772,0.5504753282028066,2.976349741578418e-05
229,0.515348170739054,0.47622059195547684,0.8729077409112966,0.9407890498964337,0.9560150227053562,0.9706517107628208,0.5528896936773804,2.9703984012251256e-05
230,0.5261435024528104,0.46957146340338324,0.8700884753096875,0.9393158132023578,0.954879261854952,0.9703282102415717,0.5553040591519541,2.964419466398174e-05
231,0.5318229451070959,0.462206817646465,0.8695767718319912,0.9385139255073385,0.9542329019274425,0.9695496717937268,0.5577184246265279,2.9584130725649906e-05
232,0.5251509252441325,0.46523538575717255,0.869581233776149,0.9384104443426478,0.9542582837074363,0.9703260994044892,0.5601327901011015,2.9523793558151487e-05
233,0.5186061033847947,0.46236744546943703,0.872396835108947,0.9412019064182685,0.9561677480076249,0.970603339572879,0.5625471555756753,2.946318452857293e-05
234,0.521386839441563,0.4682315743131016,0.8719478734724455,0.9401403846979725,0.9552682435688825,0.9700525368975077,0.564961521050249,2.940230501016035e-05
235,0.528137446897908,0.4626118232356049,0.8696512844839229,0.9394034550376938,0.9549367600872946,0.9702911045115735,0.5673758865248227,2.9341156382288486e-05
236,0.5169442033524216,0.4694872889105651,0.8727201145311382,0.9404638511095204,0.9554068241469816,0.9704075399665951,0.5697902519993964,2.9279740030429387e-05
237,0.5042185241493974,0.4728282242529678,0.8759361151507518,0.9427757865848305,0.9575370151954105,0.971481886505819,0.5722046174739701,2.9218057346121047e-05
238,0.5366374296564391,0.45964792701629287,0.8687868978246388,0.9385341650235821,0.9541445812568117,0.9690640430758541,0.5746189829485439,2.915610972693588e-05
239,0.5061936895048396,0.477071089984021,0.874417881089552,0.941888081421012,0.9569660289266393,0.9717328449396038,0.5770333484231176,2.9093898576449052e-05
240,0.5074310872577841,0.4771983660195002,0.8748699976528017,0.9422727558970972,0.9570825278753656,0.9714199977482162,0.5794477138976912,2.9031425304206668e-05
241,0.5047605530430092,0.47495374129737356,0.8762426910700899,0.9428112770232965,0.9574976151879718,0.9714896258887272,0.581862079372265,2.8968691325693856e-05
242,0.5155640818135724,0.46333121806218897,0.8731881067573247,0.9416830742705077,0.9567707545653055,0.9709744041380081,0.5842764448468387,2.8905698062302666e-05
243,0.5177002619915905,0.4762274224621434,0.87260127652043,0.9405510152578492,0.95586420356775,0.970745651467655,0.5866908103214125,2.8842446941299904e-05
244,0.5291061455566642,0.46871916321294654,0.8700038597457148,0.9388542805247918,0.9543362024586914,0.9695299554912635,0.5891051757959861,2.8778939395794745e-05
245,0.5048188425571355,0.4767274534941524,0.8756160932210062,0.9431287920540735,0.9578844901260459,0.9717483471833523,0.5915195412705598,2.871517686470632e-05
246,0.5276252258739756,0.4630169740921751,0.8704495413938288,0.9394821149556899,0.954762467050727,0.9696248851993655,0.5939339067451336,2.8651160792731066e-05
247,0.4902978384129859,0.4769841695015134,0.8791184986267695,0.9449347930229585,0.9590750591185749,0.972523461342464,0.5963482722197072,2.8586892630310007e-05
248,0.5094871408029561,0.4750049883604922,0.8732555664881713,0.9402252076428209,0.9556155417895791,0.9713174713909564,0.598762637694281,2.8522373833595907e-05
249,0.5219637314704585,0.4633161333817352,0.8718434463934646,0.9411769196999484,0.9562615716439846,0.9704834799870207,0.6011770031688547,2.8457605864420257e-05
250,0.4959737678915196,0.4862897403673895,0.878203454909089,0.943731624410466,0.9581357482733328,0.9717295685873278,0.6035913686434284,2.8392590190260154e-05
251,0.5177231415639518,0.4641974654362616,0.8732644222054741,0.9410638135488117,0.9560503143454079,0.9702473740948856,0.6060057341180021,2.8327328284205072e-05
252,0.5151189785100277,0.47821120491577274,0.8737687421360832,0.9408156134666532,0.9557744776640897,0.9703982602486286,0.6084200995925758,2.8261821624923468e-05
253,0.5175001395957936,0.4667067816335167,0.8730838138360939,0.941120141991846,0.9561352071549386,0.9705018619730473,0.6108344650671496,2.819607169662928e-05
254,0.5086089248256838,0.4704035033681081,0.8752224438110154,0.9421347829344496,0.9568966052056027,0.9709316225978574,0.6132488305417233,2.81300799890483e-05
255,0.5639466268193323,0.4402777501178314,0.861874217055211,0.9345596603929237,0.9509776306944911,0.9671549886950411,0.6156631960162969,2.8063847997384425e-05
256,0.5159990245918077,0.4695707836848457,0.8732112955786486,0.9413298746266549,0.9562713156876304,0.970601947622163,0.6180775614908707,2.7997377222285783e-05
257,0.5199220797288133,0.46946676795543296,0.871880484793057,0.940781776775814,0.9559130633599953,0.9704987644373715,0.6204919269654444,2.793066916981072e-05
258,0.5309172828906908,0.4559561118141643,0.8694718277582137,0.9395400621805987,0.9550379462069071,0.9694821402653752,0.6229062924400182,2.7863725351393682e-05
259,0.5179779917271168,0.4709820094435479,0.8721730012555958,0.9400381449239964,0.9551964110568758,0.9703179443339809,0.6253206579145918,2.7796547283810965e-05
260,0.5384437152415051,0.44909955645807725,0.8668853000394666,0.9373597252320633,0.9533792647943798,0.9695195426642889,0.6277350233891655,2.772913648914637e-05
261,0.5156959203471513,0.4783097339928516,0.8734093741709278,0.9411695096091264,0.9561228716104663,0.9705093629098599,0.6301493888637393,2.7661494494756687e-05
262,0.5268900656229555,0.4737617827969527,0.8702307889428603,0.939013653211017,0.9546066881693646,0.9701324377216303,0.6325637543383129,2.7593622833237105e-05
263,0.5082471842085144,0.47573877901746753,0.8744252984630566,0.9408795253794402,0.9558266564168781,0.9708534762195841,0.6349781198128867,2.752552304238649e-05
264,0.5140409916923887,0.4656740941260446,0.8720835717800623,0.9402784612322609,0.9557551057032957,0.9715758771299716,0.6373924852874604,2.745719666517253e-05
265,0.4833123784326956,0.49117819836730836,0.880755239562749,0.9448931472307708,0.9590660576928124,0.9727078419143068,0.6398068507620341,2.7388645249696792e-05
266,0.5097611260217269,0.47409756426691857,0.874582649876286,0.9413663033967219,0.9564071295185695,0.9712122643444872,0.6422212162366078,2.731987034915962e-05
267,0.5126943461849129,0.47828168493909573,0.8739390475354414,0.9402274052311218,0.955299967461739,0.9703944763200658,0.6446355817111815,2.7250873521824984e-05
268,0.5185978142046607,0.46306516733958425,0.8716547331014849,0.9404358681603066,0.9558215552297357,0.9707835597824143,0.6470499471857553,2.718165633098512e-05
269,0.5386308615852751,0.46723940809460035,0.8672477544577932,0.9374403085982824,0.9534019266391778,0.9691134433747257,0.649464312660329,2.7112220344925175e-05
270,0.5045606825167697,0.4774360005361212,0.8758232273326504,0.9426638236109448,0.9573193337172635,0.9713636409180544,0.6518786781349026,2.70425671368876e-05
271,0.529835283222767,0.4614601445203261,0.8691099876171775,0.939100849619091,0.9547003428538707,0.9699061625418427,0.6542930436094764,2.6972698285036566e-05
272,0.4855902570381803,0.4973558839142325,0.8803914567303882,0.944276465719133,0.9584283683447248,0.9721926522382117,0.6567074090840501,2.6902615372422182e-05
273,0.5178564374950478,0.4671208156035453,0.8723002574797534,0.9402469399815363,0.9554637356426635,0.970394124459049,0.6591217745586239,2.6832319986944626e-05
274,0.5121889887728183,0.47736024077892786,0.8733918406230516,0.9410202822832822,0.9561872723031414,0.9713633260712039,0.6615361400331975,2.6761813721318158e-05
275,0.48194180007334275,0.4955788346330198,0.8809421864028713,0.9450217832633319,0.9591289940557253,0.9729082744896435,0.6639505055077712,2.669109817303507e-05
276,0.5253200329157666,0.4710984948508054,0.8700302695637032,0.9382019068155417,0.9536944849284288,0.9699112426741215,0.666364870982345,2.6620174944329435e-05
277,0.49471989276252304,0.4821024044512155,0.877333800387706,0.9435306447163838,0.958068666537495,0.972258306520658,0.6687792364569186,2.6549045642140857e-05
278,0.5252019218271383,0.4642769765857981,0.8705630446951235,0.9400110615193221,0.9553759795147152,0.9704813001627732,0.6711936019314924,2.6477711878078032e-05
279,0.49917777086101456,0.4859559207268932,0.8769084361108804,0.9424293013608539,0.9572581899888417,0.971844631466013,0.6736079674060661,2.6406175268382243e-05
280,0.5144672479129014,0.46712991669587256,0.8727228564488705,0.9407607442999533,0.9559953864206727,0.9708463589324632,0.6760223328806398,2.6334437433890734e-05
281,0.5314876768988884,0.4521783310046996,0.8685140702115124,0.9385800738993223,0.9542167697551877,0.9696988924643205,0.6784366983552135,2.6262499999999998e-05
282,0.5192726920940658,0.47802607319847795,0.8719491416216836,0.9397292898631654,0.9553108727920085,0.9706285228829293,0.6808510638297872,2.619036459662893e-05
283,0.5120780042312437,0.47657479282492393,0.8743942281253819,0.9423538127825981,0.9572016680923866,0.9710547018208481,0.683265429304361,2.6118032858181927e-05
284,0.5229986181719245,0.45745642436997463,0.8712385950265371,0.9400799093565507,0.9555284155286541,0.9704774285884669,0.6856797947789347,2.604550642351181e-05
285,0.4792622083528618,0.5030710031943768,0.8815703123471209,0.9453995105958808,0.9595738069999012,0.9731395699028399,0.6880941602535083,2.597278693588275e-05
286,0.48895872398728923,0.4865483571709837,0.8787732440999142,0.9440881746312775,0.9584118754766215,0.972566163901506,0.6905085257280821,2.5899876042932993e-05
287,0.533795843530353,0.4689448903226649,0.8697431394910506,0.93856534124799,0.9537584280117766,0.9682677304372307,0.6929228912026558,2.5826775396637536e-05
288,0.5241766245456353,0.4704720957570483,0.870439539151421,0.9397390764133361,0.9551385494511367,0.9701458068715031,0.6953372566772296,2.575348665327071e-05
289,0.4922502614312269,0.4832476793753237,0.8783046255449833,0.9443818621128792,0.9589106155651168,0.9725606176176051,0.6977516221518032,2.5680011473368647e-05
290,0.5295622012035792,0.46233740831295844,0.8700624881289735,0.939342514548271,0.9547044579701237,0.9694087823166326,0.7001659876263769,2.5606351521691653e-05
291,0.5080856233115045,0.4874270528691425,0.8751307972464943,0.9410707409720674,0.9560392422753878,0.9707830085012842,0.7025803531009507,2.5532508467186496e-05
292,0.5219340103524407,0.46108185923603306,0.8719930057916015,0.9408880583054315,0.9559831596870931,0.9702025533442014,0.7049947185755243,2.5458483982948576e-05
293,0.5077416810889708,0.46861242676678266,0.874784192950828,0.9428785343921757,0.9576316721240759,0.97150965202694,0.7074090840500981,2.538427974618405e-05
294,0.5282233649536601,0.4622148668049131,0.870325608663292,0.939332035093532,0.9547199482868343,0.969785131605519,0.7098234495246718,2.5309897438171778e-05
295,0.5022116802547991,0.47420789216565973,0.8756806994497123,0.9427028637111772,0.9576047398830686,0.972186314981498,0.7122378149992455,2.5235338744225288e-05
296,0.5090077031046353,0.47188394578976517,0.8743928464010007,0.9420082974873604,0.9568917364091645,0.9712433340812848,0.7146521804738192,2.5160605353654553e-05
297,0.5218879421464158,0.47137314599021973,0.8711926069648988,0.9392907213897348,0.9545498794136651,0.9699741457553324,0.7170665459483929,2.508569895972773e-05
298,0.5339014684702825,0.4664946573189093,0.8692970898545523,0.9386384644273933,0.9541104378794683,0.9690383964732566,0.7194809114229667,2.5010621259632784e-05
299,0.48262898654646513,0.5008370070495335,0.8812000074420842,0.944983438977534,0.9592731946147934,0.9728015677990561,0.7218952768975404,2.493537395443904e-05
300,0.5184345795727257,0.47637365183826696,0.8734049311522106,0.9403172787928571,0.9554414071878151,0.9698386113695148,0.724309642372114,2.4859958749058656e-05
301,0.5314342685404839,0.4704915359274601,0.869514637415535,0.9390320424146499,0.9545715470458193,0.969529859125224,0.7267240078466878,2.4784377352207965e-05
302,0.5398111216735478,0.461957524175911,0.8679249965163046,0.9383495683081076,0.9539822932832445,0.9688366748175593,0.7291383733212615,2.4708631476368786e-05
303,0.5120774429223203,0.47121605223815555,0.8741585098716707,0.9413369348904023,0.9565484229666077,0.971111344427529,0.7315527387958353,2.463272283774961e-05
304,0.5292854205361609,0.46150044805229035,0.8698742477010968,0.9395473413680384,0.9549432147985214,0.9698541036568601,0.7339671042704089,2.4556653156246713e-05
305,0.5159264657334973,0.4717418138861974,0.872271646113803,0.9404079081407472,0.9557208055100284,0.9710356114447124,0.7363814697449826,2.4480424155405195e-05
306,0.48398733968764673,0.4920432760873747,0.880443273893235,0.9451448079908413,0.9593390404862995,0.9728561073042745,0.7387958352195564,2.4404037562379926e-05
307,0.5296043029110801,0.4600068889594294,0.8691619379662587,0.9386672723984354,0.9544637007125143,0.9699637849391349,0.7412102006941301,2.4327495107896416e-05
308,0.5065305119318224,0.48400630998462274,0.8751479335119988,0.9416435699505997,0.9565003893991799,0.971307579540509,0.7436245661687038,2.4250798526211598e-05
309,0.48829698937189925,0.4910584984123188,0.8794394610701857,0.9444386115952376,0.9587484466062044,0.9725352341210225,0.7460389316432775,2.4173949555074527e-05
310,0.5401121361127458,0.4547337356413107,0.8676946564010907,0.9380704689015681,0.9536354383874491,0.9686380544289391,0.7484532971178512,2.409694993568703e-05
311,0.5106775769059014,0.47919359682452634,0.8733460403755609,0.9416610273996792,0.9568794125872258,0.9715418249081571,0.7508676625924249,2.401980141266422e-05
312,0.5001640215388871,0.4835309973045822,0.8770869849256543,0.942756235006898,0.957352423973311,0.971569237053619,0.7532820280669986,2.3942505733995005e-05
313,0.4921945701171911,0.4904379239648501,0.8793255323677085,0.9446182976258304,0.9587352395785913,0.9721411808718873,0.7556963935415724,2.3865064651002446e-05
314,0.5139543380686008,0.47555345403918015,0.8735354314288672,0.9412798252324055,0.9563047610139994,0.9708324604656556,0.7581107590161461,2.3787479918304117e-05
315,0.5252234507004574,0.4697313806876028,0.8712343878828595,0.9402273490701438,0.9554472547103552,0.9699271116438147,0.7605251244907197,2.3709753293772316e-05
316,0.525300370811263,0.46580025089772265,0.8703717407339331,0.9389956578925382,0.9547012443873666,0.9702010641624554,0.7629394899652935,2.3631886538494245e-05
317,0.5240650513902113,0.4656484529295589,0.8700741875520493,0.9396143392678602,0.9552054176718615,0.9705545334583712,0.7653538554398672,2.355388141673211e-05
318,0.528888067756375,0.46721888617281326,0.8688253732440558,0.9386058044379689,0.9544612176583083,0.9702879877330955,0.767768220914441,2.3475739695883167e-05
319,0.5189065663106422,0.4725723862454541,0.8720580984831527,0.9402673060961693,0.9556505557223388,0.9706801399961149,0.7701825863890146,2.339746314643964e-05
320,0.5164020911457069,0.47868451495620556,0.872370794058145,0.9399050235006687,0.9551152979185941,0.9704697365041812,0.7725969518635883,2.3319053541948637e-05
321,0.5224229399692458,0.46492925502955085,0.8716496663327529,0.9406051778437121,0.9557730423208332,0.9703290761309203,0.7750113173381621,2.3240512658971946e-05
322,0.5108671907946118,0.476380023030892,0.8736376707473336,0.9413402944148198,0.9564359949738244,0.9712545307614733,0.7774256828127358,2.3161842277045792e-05
323,0.4979776299815734,0.47965817448068043,0.8764523784068606,0.9422757142093486,0.9571946902992768,0.9719189340888438,0.7798400482873095,2.3083044178640525e-05
324,0.5151141143404157,0.4702139583951472,0.8729417726737844,0.9411561480310783,0.9563139967570363,0.9708825193952703,0.7822544137618832,2.3004120149120208e-05
325,0.5155306119534715,0.47024427491141935,0.8738871376859145,0.9412408698162867,0.9560811020409137,0.970048463647492,0.784668779236457,2.2925071976702205e-05
326,0.524905363584069,0.467609633333109,0.8700198675433463,0.938620174769461,0.9542273186836058,0.9701289910514904,0.7870831447110306,2.2845901452416625e-05
327,0.521582854647358,0.4767687327851384,0.8711719436265423,0.9381527610579018,0.9534924222579443,0.9692638976166245,0.7894975101856043,2.2766610370065758e-05
328,0.48591094892967307,0.49677070345227964,0.8804610805292934,0.9449908890563734,0.9592239956496437,0.9725803527986339,0.7919118756601781,2.2687200526183445e-05
329,0.5332241232461612,0.4664298612117937,0.8687144410677681,0.9378764747498761,0.9535937734215152,0.9693421018712388,0.7943262411347518,2.2607673719994346e-05
330,0.516727081106009,0.47497609815690234,0.8729023881293552,0.9408801154005642,0.9560853708407435,0.9706779305964669,0.7967406066093254,2.2528031753373197e-05
331,0.5145540851605256,0.4633533087516599,0.8730398952372272,0.9414350197389565,0.9566049954190271,0.9708841997208245,0.7991549720838992,2.2448276430803983e-05
332,0.5300999252095447,0.4608193132285359,0.868853280636939,0.9386020181191588,0.9543169038959055,0.9697797634390125,0.8015693375584729,2.236840955933903e-05
333,0.5131307826008202,0.47673768681048134,0.8740563353928165,0.9415868266902909,0.9565537196709918,0.9707573755718312,0.8039837030330467,2.2288432948558078e-05
334,0.49953085726640334,0.4823529411764706,0.8766460773778052,0.9427101128656968,0.9574024092522003,0.9717859617443887,0.8063980685076203,2.2208348410527295e-05
335,0.5142639751635693,0.4744804644012087,0.8732670801051348,0.9407137635307569,0.9558779459399617,0.970377400987595,0.808812433982194,2.2128157759758198e-05
336,0.482148695073292,0.49130649774142676,0.8800470725393174,0.9451768058505805,0.9594936696784251,0.9732743606830765,0.8112267994567678,2.204786281316655e-05
337,0.49436628529495596,0.4944077545803153,0.8779098395854605,0.9422693742783255,0.9570812378925672,0.9718697216364001,0.8136411649313415,2.1967465390031188e-05
338,0.474195071633537,0.5024838483795532,0.8827867131198397,0.9461475683672982,0.9600878155872667,0.9734114446618622,0.8160555304059152,2.1886967311952797e-05
339,0.5103507024087011,0.48550098436068534,0.8747567769564153,0.9415291087334074,0.9564902192956709,0.9708752784208841,0.8184698958804889,2.1806370402812674e-05
340,0.5256138762592509,0.4646729119520025,0.8709683576528613,0.9399553644922961,0.9551931843288044,0.9699757735222779,0.8208842613550626,2.172567648873134e-05
341,0.5127016322715459,0.47649390363944194,0.8736590616713487,0.9410056351272975,0.9560197527799723,0.9707579616162146,0.8232986268296363,2.164488739802724e-05
342,0.5047836388928315,0.4826352770638015,0.8753860577852104,0.9413254193376005,0.9563015747674588,0.9712238145109537,0.82571299230421,2.1564004961175245e-05
343,0.48073731735264924,0.49190359127832406,0.8812329892243015,0.9451574739078623,0.9591006427048678,0.9726391083549724,0.8281273577787838,2.1483031010765232e-05
344,0.4863062925316198,0.48748249180684555,0.8798683208765125,0.9443569360990847,0.9586363263413582,0.9725526974089685,0.8305417232533575,2.1401967381460535e-05
345,0.5373441266315157,0.4573879064838731,0.8681288215628957,0.9387504926815907,0.9543874667529396,0.9695081391475965,0.8329560887279311,2.1320815909956374e-05
346,0.5092748363401466,0.48044154394173,0.8750071587017361,0.9418670466823713,0.9566158812457286,0.9708421305823556,0.8353704542025049,2.1239578434938265e-05
347,0.5166859784032509,0.47818502613269415,0.8723136062253125,0.9397820147881718,0.9551395865192049,0.9704890444198803,0.8377848196770786,2.115825679704034e-05
348,0.5354471869509904,0.45567578952911286,0.8682253343394181,0.938873671937157,0.9545720297949983,0.9695802555397898,0.8401991851516524,2.107685283880365e-05
349,0.5029836471808099,0.4778626662952794,0.8761357165461521,0.9428699076820858,0.9575784363375835,0.9716478372997595,0.842613550626226,2.09953684046344e-05
350,0.5141572023896375,0.4784951876426005,0.8738045461247992,0.9411951937994114,0.9560753465808146,0.9702201291025763,0.8450279161007997,2.0913805340762195e-05
351,0.5089918671923944,0.4721472929355858,0.874640256958293,0.9422173103269575,0.9572144972807219,0.9712782968830302,0.8474422815753735,2.0832165495198166e-05
352,0.5202066626240085,0.46517479702073405,0.8723380192973917,0.9411190960193164,0.9561471068228018,0.9703868067684027,0.8498566470499472,2.0750450717693144e-05
353,0.5167215818218354,0.4724918660543334,0.8721177584672889,0.939494455324153,0.9548363551359513,0.9701763466919192,0.8522710125245209,2.066866285969572e-05
354,0.542077744186853,0.45875813984082087,0.8673788130405677,0.9375546118417094,0.9530541090546553,0.9680675310338505,0.8546853779990946,2.058680377431029e-05
355,0.49463556383958684,0.4860790313559043,0.8778522618882318,0.9435428574700501,0.9580546143646018,0.9721717629353516,0.8570997434736684,2.05048753162551e-05
356,0.4837596702805688,0.49718065711610115,0.8814974132751644,0.9450338271358674,0.9590695712302559,0.9724314927127421,0.8595141089482421,2.0422879341820186e-05
357,0.5171283906567185,0.4706640059265983,0.8729974020221556,0.9410612713242528,0.9561527399048537,0.9706165507846676,0.8619284744228157,2.034081770882535e-05
358,0.5104922714191208,0.4765810870872441,0.8742192820499105,0.9417008213358192,0.9568161130442341,0.9711816098716943,0.8643428398973895,2.0258692276578034e-05
359,0.5054072251150444,0.47858618162435873,0.8758748004003454,0.942276066377868,0.9570211327328153,0.9708598829524705,0.8667572053719632,2.017650490583122e-05
360,0.5280996214946301,0.46396921947510555,0.8701059665871121,0.939799522673031,0.9552615751789976,0.9699890214797136,0.8691715708465368,2.0094257458741254e-05
361,0.5018052318480558,0.4829781071865826,0.8768904435133665,0.9429860561000983,0.957525983755977,0.9714560447426439,0.8715859363211106,2.001195179882566e-05
362,0.5257938310023982,0.4712234242182819,0.8716801048911511,0.938859299189317,0.9537861535474003,0.9685522167941306,0.8740003017956843,1.9929589790920914e-05
363,0.5213915400479744,0.4617457325652393,0.8714395398786327,0.9404773095898543,0.9558078488428967,0.970526636257224,0.8764146672702581,1.984717330114019e-05
364,0.49884063657403566,0.4848389176105345,0.8768591819527835,0.9433953621310206,0.9580488484535585,0.9720324065834283,0.8788290327448317,1.97647041968311e-05
365,0.5017818135366444,0.4875097322477203,0.8760737525665538,0.9425211266395638,0.957339604108777,0.9715610088095676,0.8812433982194054,1.9682184346533338e-05
366,0.49550419754844677,0.4797886216930332,0.8779734299793501,0.9438765091397665,0.9583924965742575,0.9719074801421445,0.8836577636939792,1.9599615619936406e-05
367,0.5251606007792522,0.4610087138095812,0.8710122933608216,0.9398971099148627,0.9551998625586989,0.9700817012178826,0.8860721291685529,1.9516999887837194e-05
368,0.5078531608067841,0.4763746327065737,0.8747412082372482,0.9422902122676958,0.9570802897418023,0.9712376723509004,0.8884864946431266,1.943433902209763e-05
369,0.477913069621212,0.49982843879301647,0.8827294339057231,0.9453713344448379,0.9592715032700947,0.9729068388067137,0.8909008601177003,1.9351634895602243e-05
370,0.5051572627191233,0.4763162610421243,0.8756400155192877,0.9424168570388226,0.9572570565752483,0.9713122244932728,0.893315225592274,1.926888938221575e-05
371,0.49451153800780073,0.4906022838324476,0.8776204952966387,0.9429373219237249,0.9575757286511304,0.971986006843856,0.8957295910668478,1.9186104356740587e-05
372,0.5114810660395551,0.4615858016358294,0.8737967633584871,0.9419892048289412,0.9568723128451077,0.9712297471179854,0.8981439565414214,1.910328169487444e-05
373,0.5029827660372643,0.48084344539486773,0.8758467510625849,0.9423669991151887,0.9571696919195823,0.9716831745540866,0.9005583220159952,1.9020423273167724e-05
374,0.4959600764426871,0.48857896770926346,0.8778874264120391,0.9432386913707076,0.9577677188734621,0.9717573081939228,0.9029726874905689,1.8937530968981092e-05
375,0.4995443576878458,0.4876056225221257,0.8763995728636742,0.9419162350929327,0.9568054096300347,0.971551441966812,0.9053870529651425,1.8854606660442885e-05
376,0.508670498562023,0.47806331769768406,0.874171490146167,0.9412115320649838,0.9561341344866735,0.9708629864579889,0.9078014184397163,1.877165222640658e-05
377,0.5220455026732147,0.4652533017675928,0.8715008830857464,0.9401358057507231,0.9554205144087812,0.9702604589946137,0.91021578391429,1.8688669546408237e-05
378,0.5264953535020855,0.45938035455933435,0.8699972847703292,0.9393759361935343,0.9550355103367218,0.9704684176796287,0.9126301493888638,1.8605660500623863e-05
379,0.4837526092440904,0.4919834445069517,0.881262543697159,0.9448549726722764,0.9589416101931885,0.9723945613678463,0.9150445148634374,1.8522626969826872e-05
380,0.5342152939923807,0.46791454280661604,0.8685714394820301,0.9386266389428282,0.9541697455020364,0.9694221527216905,0.9174588803380112,1.8439570835345444e-05
381,0.5201298655952821,0.4718455756384547,0.8716032320151035,0.9401243956436232,0.9554913093421767,0.9704678461647858,0.9198732458125849,1.8356493979019898e-05
382,0.5265973485338592,0.4551216124163539,0.8709371519339059,0.940418478299756,0.9556383427820483,0.9701827652576673,0.9222876112871586,1.8273398283160053e-05
383,0.4864822034813985,0.5049993088513108,0.8795336911219174,0.9434841047553043,0.9578500609997079,0.9724470333522347,0.9247019767617323,1.819028563050259e-05
384,0.5016398333852133,0.4866238648082233,0.8757211893959994,0.9419050753986995,0.9568812941574952,0.9717454047581565,0.927116342236306,1.8107157904168383e-05
385,0.5099577140680875,0.48318322497697014,0.8747701287088367,0.9409367964888741,0.955811747460799,0.9705130125998574,0.9295307077108798,1.802401698761984e-05
386,0.5190971787263012,0.4748892656703863,0.872642511129786,0.9404610730693299,0.9555734351131924,0.9702286276850952,0.9319450731854535,1.7940864764618225e-05
387,0.5131631455131287,0.47064363578069895,0.8734570419581521,0.9411775652505021,0.9562381813314781,0.9711456288998922,0.9343594386600271,1.785770311918098e-05
388,0.5081422563783136,0.478164366730303,0.8745777579244064,0.942397065518989,0.9573429316748132,0.9714307122110643,0.9367738041346009,1.777453393553903e-05
389,0.4727956270305763,0.5041508928272304,0.882737160611079,0.945766020302485,0.9597157461187128,0.9736058148913526,0.9391881696091746,1.7691359098094102e-05
390,0.5017694242082786,0.47874162593991176,0.8761068156119531,0.9430142996448357,0.9577602266636183,0.9719004509120623,0.9416025350837482,1.7608180491376014e-05
391,0.517955727818017,0.4624301265077964,0.8723304629480692,0.9412898739089283,0.9563198991156872,0.9708434980547217,0.944016900558322,1.7525e-05
392,0.5127856358201013,0.47656643160116857,0.8736910773024942,0.9411139282307359,0.9562404767119966,0.9708525946530719,0.9464312660328957,1.7441819508623988e-05
393,0.506165988565433,0.47382299041516696,0.875013125213583,0.9425640653606999,0.9575048539426233,0.9716657661974681,0.9488456315074695,1.7358640901905896e-05
394,0.5079973067997847,0.4712274815841295,0.8744268533689332,0.9419314790976226,0.9569327721068799,0.9714688680586635,0.9512599969820431,1.727546606446097e-05
395,0.5189150979836171,0.4608069973652887,0.8723717230958088,0.9409524845909257,0.9560770983498426,0.9705726534153878,0.9536743624566169,1.7192296880819015e-05
396,0.5087823739934778,0.4821353177116318,0.8746065661162211,0.9417476840196761,0.9567810939836293,0.9713367755865058,0.9560887279311906,1.7109135235381773e-05
397,0.5186914809065433,0.46532722452514597,0.8716127803378829,0.940821072118903,0.9561957065023065,0.9709721785283105,0.9585030934057643,1.702598301238016e-05
398,0.506702212206693,0.4788871025952295,0.8757074522841063,0.9429294382713133,0.9573999067468243,0.9710461775026952,0.960917458880338,1.694284209583162e-05
399,0.5172097945625186,0.4651176761136846,0.8729305682686975,0.9411978340942129,0.956302478497954,0.9706716961394152,0.9633318243549117,1.685971436949741e-05
400,0.5056847256625664,0.4758139009429887,0.8750745106873024,0.9423753792349393,0.9572159514197478,0.9714193945890327,0.9657461898294855,1.677660171683995e-05
401,0.4908198072892513,0.4964417457203875,0.878571592138633,0.9430606204594766,0.9576341857638193,0.9721185387887358,0.9681605553040592,1.6693506020980103e-05
402,0.4892681736438561,0.4897965975346769,0.8791030129669641,0.9445379746805249,0.9588798252815965,0.9727007265144623,0.9705749207786328,1.6610429164654554e-05
403,0.5061886315545551,0.47916818196845967,0.8747185350848402,0.9418250185098961,0.9568833914709451,0.9715667959179001,0.9729892862532066,1.6527373030173126e-05
404,0.47981068974971475,0.4895613970167731,0.8819336647218231,0.9459507822718451,0.9599117591059859,0.9728911681324969,0.9754036517277803,1.6444339499376142e-05
405,0.48514348829966236,0.49840359722758054,0.8802932186855082,0.9447430064890313,0.9589653250147478,0.9726655046610679,0.9778180172023541,1.6361330453591765e-05
406,0.5165472450574117,0.47794891355816277,0.8721077768706132,0.9400733801188454,0.955476142872208,0.9711065185576117,0.9802323826769277,1.6278347773593417e-05
407,0.49507910721258536,0.4766709126077492,0.8774850681168743,0.9437026488941148,0.9582413114478725,0.9723376008582134,0.9826467481515014,1.619539333955711e-05
408,0.5159532977835977,0.46548850934336283,0.8728212504318844,0.9416130430051902,0.9567084775334197,0.9708957617105105,0.9850611136260752,1.6112469031018906e-05
409,0.512147961149881,0.48041547154563097,0.8745092385368052,0.9414365943827863,0.956435849647492,0.9707190132830223,0.9874754791006488,1.6029576726832278e-05
410,0.5119668154277229,0.4649650679069274,0.8731988060043379,0.9414803732787398,0.9564807192606962,0.9711656251416736,0.9898898445752226,1.5946718305125557e-05
411,0.5106320112275092,0.48693541757732733,0.8745646046099173,0.9414358001204646,0.9562929369775613,0.9707520253223764,0.9923042100497963,1.586389564325941e-05
412,0.502470333125476,0.488027891506315,0.8760035022676468,0.9424325491402983,0.9572284370772766,0.9714784674954731,0.99471857552437,1.5781110617784244e-05
413,0.5200169499365612,0.4625155485938806,0.8721132324588641,0.9408066170647754,0.9561096295037536,0.970573957240923,0.9971329409989437,1.569836510439776e-05
414,0.5083101706691207,0.4648545833028511,0.8740748976774438,0.9421587064959135,0.9572022815651426,0.9714809129123742,0.9995473064735174,1.5615660977902374e-05
415,0.4776910530056818,0.4965590013471991,0.8817642749592554,0.9461196497984838,0.9601000303049827,0.9733783851500812,1.001961671948091,1.5533000112162804e-05
416,0.5086894878826831,0.47615524543874893,0.8737320224239357,0.9406054806113867,0.9559955785670226,0.9716881353603483,1.004376037422665,1.5450384380063595e-05
417,0.48928752542585835,0.49388503600960254,0.8799830894892396,0.9441838626774912,0.9582695928594128,0.9718318797483273,1.0067904028972385,1.536781565346666e-05
418,0.5276219566394953,0.4702633674967252,0.8698387851136331,0.9390189658957496,0.9545276661544189,0.9696197275859765,1.0092047683718124,1.5285295803168903e-05
419,0.5234780963145718,0.4677068214804064,0.8712535837774935,0.9399786154225649,0.9553066148576532,0.9701851660119767,1.011619133846386,1.5202826698859807e-05
420,0.5117291421012016,0.4694442248399083,0.8740375846087987,0.9417389407835051,0.9565806472242014,0.970735127153608,1.0140334993209597,1.5120410209079088e-05
421,0.5104208346193736,0.4732260863760764,0.8744807339659617,0.9420063084740782,0.9569202395922581,0.9709125152416627,1.0164478647955335,1.5038048201174342e-05
422,0.4994467689123525,0.4863600626333767,0.8765906883856543,0.9426657854363164,0.9574012612410555,0.971650469684642,1.0188622302701071,1.4955742541258742e-05
423,0.4913071562365232,0.4841532671002407,0.8791590019158697,0.9444144957293662,0.9588135729060918,0.9721678904824785,1.0212765957446808,1.4873495094168778e-05
424,0.5111060987280255,0.47858993680759365,0.8745310237735514,0.9416732441845039,0.9565430475079718,0.9706335700603478,1.0236909612192546,1.4791307723421959e-05
425,0.48451581675173977,0.4928814151209488,0.8801760440864336,0.944428030930379,0.9587730179647636,0.9729366343429156,1.0261053266938283,1.4709182291174649e-05
426,0.5065441986780511,0.47733053520790025,0.8754893764041833,0.9422497666454787,0.9569740074558917,0.9711671161962354,1.0285196921684019,1.4627120658179812e-05
427,0.479993122676552,0.494571597217156,0.8814599006912481,0.9453649155207505,0.9594265766636363,0.9730258150261156,1.0309340576429757,1.4545124683744897e-05
428,0.4760807920611994,0.49698039766457336,0.8823860336904247,0.9460173524344035,0.9599342281373212,0.9734040040482334,1.0333484231175494,1.4463196225689708e-05
429,0.4970487660508338,0.47404651786312757,0.8767841898032935,0.9427756507929388,0.9575717028248787,0.9723276700870747,1.0357627885921232,1.4381337140304276e-05
430,0.5018388802615326,0.4879275923519087,0.876150119794703,0.9420539042768283,0.9568290614030149,0.9713933493186825,1.0381771540666969,1.429954928230685e-05
431,0.48285011032172204,0.48564307212727076,0.8803460553581719,0.9449857654776579,0.9591134334965405,0.9729195844893317,1.0405915195412705,1.4217834504801836e-05
432,0.5071400218603009,0.47417565218549573,0.8740470707339613,0.9415258413854336,0.9567550572819087,0.971875496472629,1.0430058850158443,1.4136194659237807e-05
433,0.5189617506543323,0.4712930868795854,0.8723987172691058,0.9406577121069776,0.955974236595238,0.9703159733968368,1.045420250490418,1.40546315953656e-05
434,0.4910931563674289,0.4856914734355767,0.8784340738025136,0.9442738704885416,0.9587619958680369,0.972736012617381,1.0478346159649916,1.3973147161196349e-05
435,0.4893770966525124,0.4943629157517005,0.8782728801631698,0.9434124929925214,0.958225646775367,0.9728326912296187,1.0502489814395655,1.3891743202959655e-05
436,0.5066063112193807,0.4739582278224581,0.8745447177715548,0.9416179146964221,0.9566986090116647,0.9716933897626352,1.052663346914139,1.381042156506173e-05
437,0.4821267781973474,0.5030670405033633,0.8816906180433439,0.9453273938054892,0.9593188471844109,0.9724809299639954,1.055077712388713,1.3729184090043628e-05
438,0.5026193141608053,0.4827234904004785,0.8756551789334369,0.9424755522410008,0.9571843133285525,0.9715937141018284,1.0574920778632866,1.3648032618539468e-05
439,0.5111329323360829,0.4681311432152517,0.8736923665600808,0.941441209334902,0.9565741172788438,0.9712251462574226,1.0599064433378602,1.3566968989234763e-05
440,0.5030964381884798,0.47756952477750064,0.8759208559038574,0.9425140624843412,0.9572363036628077,0.9712785061482656,1.062320808812434,1.3485995038824752e-05
441,0.4985515045796447,0.4877195792621069,0.8779540954692456,0.9431946106055624,0.9575871989951912,0.9713384200507463,1.0647351742870077,1.3405112601972754e-05
442,0.5178871118475727,0.4740586819574681,0.8725821973002386,0.9406072530860516,0.9557783224226764,0.9703219951878922,1.0671495397615813,1.3324323511268655e-05
443,0.5125802779110028,0.4678805774278215,0.8734284439417692,0.942064611265811,0.9569425256089966,0.9710397025944246,1.0695639052361552,1.3243629597187331e-05
444,0.5106946804191681,0.4745852127350901,0.8737562880425681,0.9415619395155076,0.9567052493912951,0.9713990981194679,1.0719782707107288,1.3163032688047201e-05
445,0.49156632788446386,0.4942622125230821,0.8786273135078456,0.9429270697659323,0.9573998126237024,0.9715671025257618,1.0743926361853025,1.3082534609968817e-05
446,0.5238492053084031,0.46814637310844265,0.8705314729250633,0.938941389118846,0.9545549161317182,0.9702214367080207,1.0768070016598763,1.3002137186833445e-05
447,0.5174492126142445,0.46684685528490094,0.8717809937413283,0.9397858792567487,0.9550920138814313,0.9705680628759534,1.07922136713445,1.2921842240241799e-05
448,0.5075758343074468,0.4808821885010294,0.8755542873557349,0.9420931054836335,0.9568379961149186,0.9706228297917315,1.0816357326090238,1.2841651589472707e-05
449,0.4988271842342067,0.4768584094009023,0.8765573372472569,0.9434934439077163,0.9582684417970022,0.9723260354304211,1.0840500980835974,1.2761567051441923e-05
450,0.485763054064396,0.4872472059606173,0.8791296810366583,0.9444145755384632,0.958890314221421,0.9732401105430454,1.086464463558171,1.2681590440660976e-05
451,0.532977167659383,0.45527628232651846,0.8684798071886352,0.9394000978941313,0.9550202228665806,0.9698508020926063,1.088878829032745,1.2601723569196013e-05
452,0.48987705711936985,0.4812335433912967,0.8791037734273888,0.944302362691542,0.9587446111102366,0.9725318682136483,1.0912931945073185,1.2521968246626798e-05
453,0.5157869664406762,0.47294141468682505,0.8728472964716664,0.9398431533526806,0.955124484496716,0.9704755040476554,1.0937075599818922,1.2442326280005649e-05
454,0.4968787433885912,0.48276366830125156,0.8778010596152929,0.9438585270392821,0.9580139372822299,0.971659109350389,1.096121925456466,1.2362799473816553e-05
455,0.5114848943168728,0.48479933813100806,0.8747423359252431,0.9413251186209055,0.9561178994461177,0.970389626253488,1.0985362909310397,1.2283389629934239e-05
456,0.5221336393502402,0.46934106062294717,0.8717406621019388,0.9404187494987837,0.9556323344649683,0.9703933927282586,1.1009506564056133,1.2204098547583375e-05
457,0.49309696654042845,0.4917826642458476,0.8778288744698804,0.9429762824111682,0.9576338410301932,0.972348161973917,1.1033650218801871,1.2124928023297793e-05
458,0.511293228604405,0.47939923139264334,0.8735987551168485,0.9414199853930403,0.9564763166418685,0.971151016023291,1.1057793873547608,1.204587985087979e-05
459,0.4922068782393692,0.492241819278466,0.8783457379916624,0.9434662568635265,0.9580592894147181,0.9722013157926135,1.1081937528293346,1.1966955821359476e-05
460,0.5158483928982122,0.47332450053127995,0.8733896118272633,0.9409113985899202,0.9561578380813144,0.9706341541621019,1.1106081183039083,1.1888157722954211e-05
461,0.5438472651419293,0.45075139488367194,0.866271724484872,0.9373088152259565,0.9532197795012216,0.9686520211592533,1.113022483778482,1.1809487341028055e-05
462,0.4796194431036165,0.49331469959821006,0.881564717213283,0.9455359588861303,0.9595657614780834,0.9729755915034645,1.1154368492530558,1.1730946458051364e-05
463,0.5140171500416594,0.4768693839312811,0.8732359282260074,0.941155137150705,0.9563332884769739,0.9709497809196317,1.1178512147276294,1.1652536853560355e-05
464,0.5080531462197017,0.4790595540577297,0.8751323584498255,0.9420337988247,0.9568841902335091,0.9711132902437686,1.120265580202203,1.1574260304116832e-05
465,0.513841109059426,0.4802984857212853,0.8737544064571416,0.9402401387926641,0.9552993909689339,0.9702174074858717,1.1226799456767769,1.149611858326789e-05
466,0.5175993330422985,0.46328890788173394,0.8720779202188118,0.940649392417361,0.9559718506910877,0.9707369724986902,1.1250943111513505,1.1418113461505756e-05
467,0.48727534931247,0.492454196875353,0.8791965813189409,0.9439864092634613,0.9584227492132118,0.97254318089089,1.1275086766259244,1.1340246706227685e-05
468,0.5165757738948751,0.47775431394606827,0.8724381945803052,0.9399271838869299,0.9551942319713317,0.970239396093888,1.129923042100498,1.1262520081695876e-05
469,0.5162483375279886,0.4745727428398751,0.8725287803909666,0.9401514847837581,0.9554836880894707,0.9706417106174876,1.1323374075750716,1.1184935348997548e-05
470,0.5205403359513738,0.4670499223576833,0.8719258466315378,0.9406948680710894,0.955881475641342,0.9704471795175278,1.1347517730496455,1.1107494266004992e-05
471,0.49438533566547554,0.4855693992007254,0.8786694299806206,0.9435910867858059,0.9578336992625119,0.971717061841554,1.137166138524219,1.1030198587335777e-05
472,0.48685531441334573,0.4896337752374904,0.879996374556062,0.9449266443892678,0.9591145330213543,0.9726488876804076,1.1395805039987927,1.0953050064312969e-05
473,0.4937609647873026,0.48221017749574036,0.8783615725077065,0.9437987040422177,0.9583002930776109,0.9722032189364705,1.1419948694733666,1.087605044492547e-05
474,0.4912292295357455,0.49360299084421794,0.8797412643562453,0.9438340603395261,0.9579597517030933,0.9713669449852794,1.1444092349479402,1.0799201473788402e-05
475,0.5019262998807775,0.4842199350657886,0.876617962937953,0.942970012775244,0.9574728019016359,0.9713442257758325,1.1468236004225139,1.0722504892103583e-05
476,0.5089742320338414,0.4682127202492544,0.8746380090065841,0.9420151038773363,0.9569404912578101,0.9711285337670544,1.1492379658970877,1.0645962437620072e-05
477,0.5200652513164215,0.4639555152005196,0.8716774800672664,0.9407038158992301,0.9559575824557586,0.970828155690063,1.1516523313716613,1.056957584459481e-05
478,0.5180662735985169,0.4691947578102993,0.8720118064351947,0.939624273855058,0.9549060827873271,0.9702279976948613,1.1540666968462352,1.0493346843753287e-05
479,0.5075435135981592,0.4800055357119321,0.8749337638642376,0.9418114950605745,0.9567591410641128,0.9712232036043915,1.1564810623208088,1.0417277162250392e-05
480,0.4894842827552726,0.49348430538340426,0.8798022125137227,0.9440173054508448,0.9582888634328361,0.9719802651447743,1.1588954277953825,1.034136852363121e-05
481,0.5079409498193855,0.48166346128513843,0.8750245194544869,0.9418167066375536,0.956802806314207,0.971174666809846,1.1613097932699563,1.0265622647792035e-05
482,0.4904598213785182,0.4875515918833194,0.8791238623416725,0.9445126175349671,0.9588844698307039,0.9724686207640179,1.16372415874453,1.0190041250941342e-05
483,0.5030819502007873,0.47690522039621197,0.875716925061887,0.9427748268405292,0.9576124319815856,0.9718698169061666,1.1661385242191036,1.0114626045560961e-05
484,0.5022429063204482,0.48345248962240894,0.87682819282352,0.9426741531425256,0.9574237704198306,0.9713616529039204,1.1685528896936774,1.003937874036722e-05
485,0.4944566607635086,0.48338828303322345,0.8777674448802508,0.9436791310690921,0.9581111866452285,0.9723293703382613,1.170967255168251,9.964301040272263e-06
486,0.5274923168185857,0.4582633347333053,0.8703308359836047,0.9400029788700726,0.9553360442324015,0.9699401457163944,1.173381620642825,9.889394646345444e-06
487,0.4867870920983464,0.48660173377514476,0.878837786540968,0.9439104391993628,0.9586227993858873,0.9730764953963026,1.1757959861173986,9.814661255774701e-06
488,0.48619270828113226,0.4823552960800667,0.8796475272210433,0.945106893961305,0.9594626713515402,0.9730228411447968,1.1782103515919722,9.74010256182822e-06
489,0.5129655187302083,0.48370351516450544,0.874545837112557,0.9407616529310474,0.9555649177986048,0.9700981301967805,1.180624717066546,9.665720253815951e-06
490,0.5073406979824132,0.48465446078950153,0.875220202729655,0.9416426980488559,0.9565363231917611,0.9710596832897859,1.1830390825411197,9.591516017051419e-06
491,0.485206924506988,0.4883471503639197,0.8804121596152287,0.9445855739363199,0.9589271825898588,0.9727477466730923,1.1854534480156933,9.5174915328135e-06
492,0.5052081727630546,0.47223615150603415,0.8754922581596187,0.9424002495936709,0.9571826637350224,0.9713587446277968,1.1878678134902672,9.443648478308343e-06
493,0.48635048447972357,0.49497175179196423,0.8796285115788258,0.9436853984279657,0.9581910867787903,0.9724934578118952,1.1902821789648408,9.36998852663135e-06
494,0.5032304472218668,0.47638070642670755,0.8753388141587938,0.9419360441010671,0.9570211168116234,0.9720246021662159,1.1926965444394144,9.296513346729295e-06
495,0.5131631850987857,0.47473016623335695,0.8739211493615533,0.9416939893578694,0.9566422174111593,0.9708159777976392,1.1951109099139883,9.223224603362462e-06
496,0.5191564799704214,0.4619928555748468,0.8720422297958276,0.9407109814839028,0.9560298761871404,0.9706997865032244,1.197525275388562,9.150123957067012e-06
497,0.5115421402154471,0.475072690821705,0.8746412674905208,0.9415956040327856,0.9563619048618722,0.9704072815721585,1.1999396408631358,9.077213064117244e-06
498,0.5039650994127852,0.48186203955434725,0.8760330894001688,0.9426475528426421,0.9574114263027902,0.9714151559225369,1.2023540063377094,9.00449357648819e-06
499,0.508124838161395,0.4749494989899798,0.874042324108114,0.9414610842229802,0.9564865673622052,0.9713445332831895,1.204768371812283,8.93196714181807e-06
500,0.5111064833964298,0.476471055033131,0.8738102542497821,0.9412614251137085,0.9562972254334708,0.9709370203503837,1.2071827372868569,8.859635403371069e-06
501,0.5178807108167894,0.47262226915715133,0.8728207125189755,0.9409439518732579,0.9559468128107005,0.9704581365394922,1.2095971027614305,8.787500000000002e-06
502,0.4844041660491511,0.47523395245624633,0.8794461714991583,0.9451202311691771,0.9594647291833426,0.9734116307230862,1.2120114682360041,8.715562566109264e-06
503,0.5139318731287457,0.47131343442122314,0.8735963657905808,0.9412035743006751,0.9562942816722171,0.9707048149268169,1.214425833710578,8.643824731617757e-06
504,0.522061100165943,0.46736603683614475,0.871738701938106,0.9402727923970537,0.9556019134316776,0.9703287320675438,1.2168401991851516,8.572288121921966e-06
505,0.5082811789196724,0.46800617201127065,0.8750179602759272,0.9423089682996953,0.9572862870369531,0.9715891108935458,1.2192545646597253,8.500954357859141e-06
506,0.49761662717534483,0.48297603200148354,0.8772995598622626,0.9431804412063571,0.9576850453352365,0.9716706056115891,1.2216689301342991,8.429825055670563e-06
507,0.5145858616441507,0.467390081715023,0.8732666973982208,0.9412645557333914,0.9562352128255565,0.9708035919651302,1.2240832956088727,8.358901826964927e-06
508,0.5127343506925854,0.4841945651022354,0.873822387779079,0.9405527130295855,0.9556179416039864,0.9705323747324096,1.2264976610834466,8.288186278681835e-06
509,0.48187481892640144,0.49204516971623813,0.8811003572290933,0.9455819741989545,0.9597766530792995,0.9731591439863254,1.2289120265580202,8.217680013055371e-06
510,0.5145708010852763,0.47288695617901505,0.873290885278127,0.941310991247176,0.9564920952624058,0.9707957698262556,1.2313263920325939,8.147384627577812e-06
511,0.5050816537501611,0.48394437588737177,0.8757805975633617,0.941960668286002,0.9567833128928042,0.9712709555191815,1.2337407575071677,8.077301714963437e-06
512,0.5168148173514922,0.4671458449156805,0.8729517036290515,0.9409360559331642,0.9558283754301781,0.9702583072315718,1.2361551229817413,8.0074328631124e-06
513,0.4902866901659283,0.4909395532194481,0.8790793789238331,0.9445985058062473,0.9589425940646402,0.9723042628132029,1.238569488456315,7.93777965507483e-06
514,0.5072378591071526,0.4712038072796352,0.8750578548518391,0.9421761631330275,0.9572365564410462,0.9713741350401429,1.2409838539308888,7.868343669014874e-06
515,0.5099973688857918,0.47553697680045165,0.8743155523311313,0.9422610638054145,0.9570731032112719,0.9711205086104853,1.2433982194054625,7.799126478175021e-06
516,0.5219711101144754,0.46584678418166847,0.8711552971461541,0.9395361134456087,0.9549332985902815,0.9703247568582928,1.2458125848800363,7.730129650840374e-06
517,0.5196028114060681,0.4623061925540804,0.8723926380368098,0.9409558716500467,0.955914601990584,0.9704519260367526,1.24822695035461,7.661354750303211e-06
518,0.5288126334614787,0.4565891731429906,0.869393931873888,0.9392409497338943,0.9548092781930775,0.9701012881500882,1.2506413158291836,7.592803334827469e-06
519,0.5303643677785992,0.45901069115108717,0.8696555252647896,0.9396262399486839,0.9550740532862936,0.969791165532672,1.2530556813037574,7.524476957613511e-06
520,0.5229224622267077,0.47109940750493745,0.8718962600871248,0.9405250032712418,0.9557322185323252,0.9701146988117513,1.255470046778331,7.4563771667628945e-06
521,0.511564793620262,0.4710982467088448,0.8739176874520947,0.941220799873239,0.9561715320419877,0.9709065414583813,1.2578844122529047,7.388505505243314e-06
522,0.4978659303763022,0.4841602901850724,0.877673619744329,0.9436067207304287,0.958107345185492,0.9717446611120311,1.2602987777274786,7.3208635108536284e-06
523,0.4895951573041843,0.4896454780634602,0.8790313421311581,0.9446499624436535,0.9589633684845466,0.9726530623931648,1.2627131432020522,7.253452716189033e-06
524,0.4933198395688817,0.4843237813260019,0.8775898150878468,0.9431125781680174,0.9578887549706414,0.9723285456764605,1.2651275086766258,7.186274648606318e-06
525,0.506735189546417,0.47121966087768935,0.8753329641687592,0.9426571256718954,0.9574221174134293,0.9713249825760686,1.2675418741511997,7.119330830189278e-06
526,0.4973099321382515,0.47928628389154704,0.8776757884367855,0.9437965711154923,0.9581657572577323,0.9721287996040695,1.2699562396257733,7.052622777714211e-06
527,0.4919353323318903,0.4931576544256735,0.8791273807155184,0.9444779232874856,0.9586888571754385,0.9721540319421562,1.2723706051003472,6.98615200261557e-06
528,0.5044025968466374,0.48051605239713596,0.8753680673391995,0.9418743571201849,0.9567077871092305,0.9714767799567078,1.2747849705749208,6.919920010951704e-06
529,0.5144897475613583,0.47374704854394833,0.8739139063874614,0.9407727127865636,0.9557852793166556,0.9703646488337077,1.2771993360494944,6.853928303370717e-06
530,0.5029537310795964,0.4858616572894749,0.8752040821683369,0.9415636571715464,0.9565534655908278,0.9717532620932853,1.2796137015240683,6.788178375076533e-06
531,0.4875327545405395,0.4928295122181338,0.8792518865326882,0.9437860264155139,0.9581510190115919,0.972618611880348,1.282028066998642,6.722671715794923e-06
532,0.5257245242511445,0.4561558492929426,0.8705286903024053,0.9392994222378536,0.9547811762258058,0.9698420280801852,1.2844424324732155,6.657409809739847e-06
533,0.5093918628514419,0.478381114323711,0.874595515185921,0.9415757674060257,0.9564360970047968,0.9706380877642002,1.2868567979477894,6.592394135579741e-06
534,0.5025308002570736,0.48022962569684097,0.8758963171012077,0.9424772828022117,0.9572692885626908,0.9717034116714599,1.289271163422363,6.527626166404093e-06
535,0.5193274970891488,0.46538238702201623,0.8722628190195412,0.9408746949671004,0.9560160698396453,0.9705459468335771,1.2916855288969367,6.463107369689991e-06
536,0.5046682631246352,0.4850764628951015,0.8757668653103919,0.9424497886944869,0.9570636550699961,0.971054294254857,1.2940998943715105,6.398839207268935e-06
537,0.503916528992274,0.47466937141050636,0.875515037889901,0.9428538716394628,0.9576172177816578,0.9714684393940478,1.2965142598460841,6.334823135293679e-06
538,0.4793364194338332,0.5022158771828927,0.8817295704949893,0.9449749803833223,0.9591457628930734,0.9729862597343587,1.298928625320658,6.271060604205254e-06
539,0.48948406069521555,0.48691905201600494,0.8794444134226189,0.9447467879285963,0.958825924128251,0.9723982114247179,1.3013429907952316,6.207553058700099e-06
540,0.5002317447449858,0.4883848280321174,0.8767037775181545,0.9428828870104384,0.9575964614879466,0.9714404890080102,1.3037573562698053,6.144301937697332e-06
541,0.5015569203671701,0.4836323554800069,0.876400446272205,0.9424818499109078,0.9572347920529953,0.9714809537398202,1.3061717217443791,6.081308674306144e-06
542,0.48331819562306744,0.48748185655137355,0.8798125476076386,0.9450772508509716,0.959456428152795,0.9735339710927373,1.3085860872189528,6.018574695793328e-06
543,0.5072007059887572,0.476874204998768,0.8749603888195295,0.9417028416965421,0.956600940741674,0.971279985186373,1.3110004526935264,5.956101423550945e-06
544,0.5173424229810678,0.4736082745898939,0.871930519623099,0.9406657820122388,0.9560511317530478,0.9709071208317025,1.3134148181681002,5.893890273064116e-06
545,0.5136557540238852,0.47199909642356475,0.8732544194013161,0.9414540583182962,0.9564705494942881,0.970837511209275,1.3158291836426739,5.831942653878958e-06
546,0.5288647322638391,0.46761701428806046,0.8697245307738587,0.9388291997284288,0.9545008447239464,0.9697869845239703,1.3182435491172477,5.770259969570612e-06
547,0.504299866733206,0.4885341358892996,0.8758047838744049,0.9422826874783192,0.9571003016105459,0.9710556941694831,1.3206579145918214,5.708843617711515e-06
548,0.4971804132135119,0.48224384809462956,0.87662371440284,0.9433719237176957,0.9580567588372203,0.9720410207561514,1.323072280066395,5.647694989839643e-06
549,0.5243684323178721,0.4596338435803141,0.8716694221185249,0.9406167917951948,0.9556980597324707,0.9701270847796474,1.3254866455409688,5.586815471427073e-06
550,0.49432144208580414,0.48493032800450137,0.8772606329676874,0.943416655055324,0.958045992368962,0.9724171761342055,1.3279010110155425,5.526206441848507e-06
551,0.49662213258351523,0.4801381343780924,0.8772961461249619,0.9435086615916638,0.9580169409595487,0.9720952782240767,1.330315376490116,5.465869274350095e-06
552,0.5056316451723643,0.4755200854843557,0.874139432563533,0.9409376468875935,0.9561745877603415,0.9716930756144524,1.33272974196469,5.405805336018256e-06
553,0.4915615068094527,0.48629526091586794,0.8784418576463615,0.9437625918711509,0.9582438998319334,0.9723482270931734,1.3351441074392636,5.346015987748749e-06
554,0.49644009834169367,0.47830221531702877,0.8775750281328654,0.9435338315006009,0.9582106447699595,0.9720026686850427,1.3375584729138372,5.286502584215817e-06
555,0.4888041582688825,0.48843771003440406,0.8791642430867731,0.9442981416013234,0.9587523005121368,0.9725212563265575,1.339972838388411,5.2272664738415e-06
556,0.5074030112124821,0.483040293530806,0.8753376100051402,0.940680866133427,0.9556118311813951,0.9706897958852505,1.3423872038629847,5.1683089987650825e-06
557,0.5006679022777852,0.4817824569831135,0.876165140513786,0.9425882337216857,0.9575334416270987,0.9721120482462567,1.3448015693375586,5.109631494812682e-06
558,0.4967414481054346,0.47803827719300584,0.877454409419588,0.9437844213773037,0.9583021188919502,0.9721097972150833,1.3472159348121322,5.051235291466981e-06
559,0.4965094616520685,0.48588316006121696,0.8772978796290377,0.9438551609434177,0.9582705536476468,0.972089082107718,1.3496303002867058,4.9931217118371135e-06
560,0.5271084797361302,0.46394475855037537,0.8698424745811256,0.9391732302257865,0.9545873311375245,0.9697083393002053,1.3520446657612797,4.935292072628675e-06
561,0.5376641547772033,0.450379622021364,0.8673260201909917,0.9384945895853575,0.9541446123951846,0.9693785228775885,1.3544590312358533,4.877747684113898e-06
562,0.4972200093310513,0.4855556889902993,0.8775184831526892,0.9434064547039284,0.9579319484032169,0.9717817267676326,1.356873396710427,4.820489850101966e-06
563,0.5012123913292285,0.491839473284108,0.8775866396038678,0.9427997782300968,0.9572873456604573,0.9710935718218626,1.3592877621850008,4.763519867909445e-06
564,0.48766272987226306,0.4903139879465921,0.8792537398175764,0.9443310744690444,0.9588728612318103,0.9730544193376468,1.3617021276595744,4.70683902833095e-06
565,0.510614361120024,0.48263555069734365,0.8738701758890989,0.9413562996419788,0.95636780013813,0.9709883935436849,1.3641164931341483,4.650448615609822e-06
566,0.5099866906994196,0.4761610442087354,0.8732588256401643,0.9407494922966515,0.9561547579056664,0.9716306439052694,1.366530858608722,4.594349907409108e-06
567,0.5010774427413767,0.47203983113915216,0.8760760658516982,0.9432828098659177,0.9578589797683392,0.97171490865492,1.3689452240832956,4.538544174782533e-06
568,0.5161389323189542,0.464350897464515,0.8729111598782296,0.9420115783981291,0.9569211409596217,0.9708434796681057,1.3713595895578694,4.483032682145785e-06
569,0.49689167562796827,0.48343996609280077,0.8771587683890665,0.9427275613406504,0.9573791388080615,0.9717208800494592,1.373773955032443,4.427816687247788e-06
570,0.5043142228375962,0.47375902693496585,0.8759272801515419,0.9428460076925316,0.9575460604993801,0.9714428004516488,1.3761883205070167,4.372897441142259e-06
571,0.5047553112172948,0.4748513686125285,0.8754333568530773,0.9424183198118675,0.9572720406894754,0.9718111571427617,1.3786026859815905,4.318276188159338e-06
572,0.514645897822199,0.46603258160355726,0.8732314522586353,0.9406016092412555,0.9557439567560552,0.9707044987559922,1.3810170514561642,4.263954165877405e-06
573,0.519233302483662,0.47315924544276,0.8717829506947828,0.9398535826987581,0.9552824358905206,0.9703709502422706,1.3834314169307378,4.209932605095028e-06
574,0.5243677752657633,0.4678590902665114,0.8702900597833141,0.9387722087758545,0.9543808647583853,0.9698902636421247,1.3858457824053116,4.15621272980309e-06
575,0.4934499451145348,0.49303652815461313,0.8789290394127927,0.9441056415923925,0.9585081031144095,0.9721790367882635,1.3882601478798853,4.102795757157046e-06
576,0.5180564934640981,0.4705626468945995,0.8722032028296529,0.9409536144216095,0.9562237953120989,0.9708907852076952,1.3906745133544591,4.0496828974493515e-06
577,0.5222061802016619,0.4763254909407597,0.872203892128725,0.9402269327063996,0.9551430065339521,0.9694546325415242,1.3930888788290328,3.996875354082033e-06
578,0.49422252580378695,0.4882200101231652,0.8781434159359949,0.9429732376539851,0.9574625882676349,0.9717500615654225,1.3955032443036064,3.944374323539434e-06
579,0.5171869213131444,0.4703937658657536,0.8726034608576211,0.9409309866408051,0.9560097763476721,0.9704108461905223,1.3979176097781802,3.892180995361096e-06
580,0.5064110136085976,0.47888974475453117,0.8749389294329598,0.942326960365202,0.9572830468105896,0.9714743198265596,1.4003319752527539,3.840296552114793e-06
581,0.5143969266869268,0.4795812004966107,0.8733677749829192,0.9408319624106356,0.9560220085576112,0.9708585093267275,1.4027463407273275,3.788722169369792e-06
582,0.5432675814588228,0.45436853628228985,0.8668270669228871,0.9373780475293128,0.9530991495955079,0.9684203644699753,1.4051607062019014,3.737459015670135e-06
583,0.4837541602066999,0.4918388749210105,0.8798897117244282,0.9445280323191603,0.9589539792679802,0.9732210217699092,1.407575071676475,3.686508252508244e-06
584,0.5278268565100354,0.46445321475394324,0.8702265818430107,0.9384998275120849,0.9539693453427547,0.9690361527990041,1.4099894371510486,3.6358710342985384e-06
585,0.5004238388850053,0.4806902659617294,0.8765173946550296,0.9428010393130417,0.9574587889473973,0.971552026493416,1.4124038026256225,3.585548508351336e-06
586,0.5165764766088015,0.4749709659222882,0.8728274114242257,0.9404542552917411,0.9556345843181447,0.97037407407054,1.4148181681001961,3.535541814846803e-06
587,0.5158696233496153,0.4601191923306897,0.8725503437381433,0.9418000377026218,0.9568085446549375,0.9709646860063618,1.41723253357477,3.485852086809165e-06
588,0.4995015884239434,0.4693244098517391,0.876370185713093,0.9426629611517313,0.9575238254273071,0.9720139791743699,1.4196468990493436,3.43648045008101e-06
589,0.5249313100212527,0.4631013143627853,0.8715665672257119,0.9405883239904643,0.9557907655426594,0.9701176113557372,1.4220612645239172,3.387428023297795e-06
590,0.5078951116598579,0.47836481310262846,0.8743461094946811,0.9417617433007247,0.9568327262174773,0.971624970407875,1.424475629998491,3.338695917862484e-06
591,0.5036256806286491,0.4855062907182233,0.8762711573093575,0.9422338375630446,0.9569071704253137,0.9710581948945548,1.4268899954730647,3.290285237920383e-06
592,0.5185234992546929,0.47628313630366115,0.8717250510593959,0.9394613836320688,0.9549694073196192,0.9705981884474746,1.4293043609476384,3.2421970803341135e-06
593,0.5040571808040955,0.47800733088970343,0.8757524614294906,0.9423575883814037,0.9572378532249165,0.9715491779961473,1.4317187264222122,3.1944325346587603e-06
594,0.5236269974264164,0.4691904347313778,0.8711314818915555,0.9401572796481396,0.9556284886340208,0.9703747680607203,1.4341330918967858,3.146992683117189e-06
595,0.508257009280206,0.478353895377161,0.8742267539320995,0.9409001347930183,0.9559564767472497,0.9713302314392305,1.4365474573713597,3.0998786005755238e-06
596,0.5348415438587463,0.45932214587737846,0.8689059836239269,0.9383611136035188,0.954158258767919,0.9693239763045209,1.4389618228459333,3.053091354518797e-06
597,0.5132616353129993,0.4835690694765268,0.8728879978998114,0.9407641822390874,0.9561647693372474,0.9711233622109258,1.441376188320507,3.0066320050267443e-06
598,0.5202868436179783,0.4669125724900628,0.8718167987890426,0.940033366228719,0.9554098911398156,0.9705921932950677,1.4437905537950808,2.960501604749827e-06
599,0.46882466660989736,0.5023069127373586,0.8838007759781661,0.946675234580022,0.960527012541307,0.9738115717398159,1.4462049192696544,2.914701198885324e-06
600,0.5076031383470729,0.47457582533210574,0.8751764399359806,0.9421095678879794,0.956939111878428,0.9713587521366053,1.448619284744228,2.8692318251537163e-06
601,0.5140392689591932,0.47572120750554775,0.8740869048891876,0.9410774426845474,0.9559666684486261,0.97043108780987,1.451033650218802,2.824094513775106e-06
602,0.5089553391665983,0.4690849464085746,0.874221600403885,0.9413130843663481,0.9563060745946595,0.9713968866879235,1.4534480156933756,2.779290287445942e-06
603,0.5206196437348125,0.4652255267561834,0.8716327380977951,0.9406864563033348,0.955896917480814,0.9706816308432337,1.4558623811679492,2.734820161315785e-06
604,0.510795400803117,0.4683063717398481,0.8741170732266058,0.9418108303138829,0.9567886091946562,0.970988457999412,1.458276746642523,2.690685142964355e-06
605,0.5214598596602511,0.4758750744392245,0.872297533345933,0.9396217644374956,0.9549784566278562,0.9698683916636599,1.4606911121170967,2.646886232378678e-06
606,0.4879474503794124,0.4944172195669564,0.8797537238338734,0.9441868857655126,0.9587098856070312,0.9724147017209545,1.4631054775916705,2.6034244219304376e-06
607,0.5274922204832925,0.46366711635064506,0.8701505612766359,0.9387205011265614,0.9543740260087281,0.9699201911671099,1.4655198430662442,2.5603006963534832e-06
608,0.49983262904362685,0.47881819499914324,0.8765727963671607,0.9430545951876141,0.95773378934705,0.9718484541774455,1.4679342085408178,2.5175160327215257e-06
609,0.5065468715703826,0.48431653922011886,0.8748007243351315,0.9420364887401197,0.9570657269714632,0.9717280259959011,1.4703485740153917,2.4750714004259947e-06
610,0.5343428774632994,0.4526492463634569,0.8685960176706022,0.9392956102730065,0.9549728998260147,0.9696473278106735,1.4727629394899653,2.4329677611540805e-06
611,0.5028243372702894,0.47867304862041077,0.8759322706616558,0.942386460238543,0.9572345729897445,0.9714014614836377,1.475177304964539,2.391206068866933e-06
612,0.5064451387108031,0.4827268997101296,0.875164541561803,0.9418991161631222,0.9567814501604265,0.9712883025799449,1.4775916704391128,2.3497872697780635e-06
613,0.4955834570696337,0.4929580297230806,0.8772201844582077,0.9423331873015328,0.9572045695545648,0.9722243697487012,1.4800060359136864,2.3087123023318963e-06
614,0.5139848206004741,0.4731806262635698,0.8726954641092978,0.9408915445431062,0.9561648437809445,0.9710391904125389,1.4824204013882603,2.267982097182491e-06
615,0.5035423506375004,0.47460139915679955,0.875999931286039,0.9426567680388462,0.957473693050919,0.9713505729026495,1.4848347668628339,2.227597577172502e-06
616,0.5153795288547139,0.4784301090823016,0.8732418905598504,0.9407819335683446,0.9557241632795289,0.970403377670429,1.4872491323374075,2.187559657312207e-06
617,0.5038554996043983,0.47748569478712793,0.8759467111631255,0.9426255328979146,0.9573175737465802,0.9715261165321017,1.4896634978119814,2.1478692447588374e-06
618,0.5374407764549917,0.46392908288567336,0.8665541523876599,0.937574138702717,0.9537975716383854,0.9699594509608567,1.492077863286555,2.1085272387959684e-06
619,0.48849471256221677,0.4909877289608483,0.8798256398366315,0.9445394612238511,0.9587213715238767,0.972238243880005,1.4944922287611286,2.069534530813195e-06
620,0.4917848956919427,0.48697081625197874,0.8791253040915612,0.9441206261268503,0.9583630129241597,0.9720004370235262,1.4969065942357025,2.0308920042858886e-06
621,0.5060496626997,0.4772815380875096,0.8754235492424315,0.942539997365643,0.9571363394273519,0.9711070217067197,1.4993209597102761,1.992600534755214e-06
622,0.4958881211618419,0.4909997453390342,0.8776645864115337,0.9425497493627321,0.957114715868891,0.9715532545155022,1.5017353251848498,1.9546609898082727e-06
623,0.4879971685078461,0.5031961940498526,0.8802355933465598,0.9439816574024392,0.9581878139923887,0.9719667213418395,1.5041496906594236,1.9170742290584565e-06
624,0.4936484781833069,0.48824191838897724,0.8780145770785701,0.9435579718100111,0.9580190638021642,0.9718820850854626,1.5065640561339972,1.8798411041259648e-06
625,0.5169483149111908,0.477967014561672,0.8725337610882942,0.940446699848848,0.9557851886345939,0.9705835763470083,1.508978421608571,1.8429624586185148e-06
626,0.5014915162246586,0.47379179442254343,0.8764160359251769,0.9431542690980186,0.9578977967285293,0.9717153193213816,1.5113927870831447,1.8064391281122095e-06
627,0.4812876405912788,0.4955498057796277,0.8806153605373168,0.9452515022089976,0.9593486236649749,0.9731408419050582,1.5138071525577184,1.7702719401326416e-06
628,0.5126354064548382,0.4723844241922121,0.8743594751361033,0.9416091541275563,0.9564502781755732,0.9707140882282859,1.5162215180322922,1.7344617141360971e-06
629,0.48372099993572076,0.4992975759744477,0.880716155496324,0.9446227488898062,0.958843728151077,0.9727124997912048,1.5186358835068658,1.699009261491035e-06
630,0.509894324375344,0.4684712273320374,0.8740890120396397,0.9412998383646395,0.9563503422585822,0.9710206118480437,1.5210502489814395,1.6639153854596747e-06
631,0.5246348314887409,0.46859361518550474,0.8705131827101483,0.9393086617239458,0.9548516992830255,0.9700043713301824,1.5234646144560133,1.62918088117979e-06
632,0.5020245254193694,0.4855781039438658,0.8765907170578716,0.9426597161556418,0.9573293043283162,0.9712078899757018,1.525878979930587,1.5948065356467336e-06
633,0.5134030507110993,0.4753942945789882,0.8732734030722726,0.9415486738962733,0.9564825774305938,0.9712614313323343,1.5282933454051606,1.5607931276955478e-06
634,0.5140033115934752,0.464618452416325,0.8731899956121105,0.9415603793160908,0.956700268955181,0.971031335451043,1.5307077108797345,1.5271414279833798e-06
635,0.5088314161675731,0.4791743627632065,0.8749616418207476,0.9420797458791503,0.9569223926340842,0.9712625054822965,1.533122076354308,1.4938521989719631e-06
636,0.5054872918062495,0.47812373150914644,0.8752526199703274,0.9422811982979081,0.9570311027377681,0.9712956905120831,1.535536441828882,1.4609261949103942e-06
637,0.5074017164702568,0.46817117594574104,0.8755430473244333,0.94220726493076,0.9569841634852737,0.9709385594372631,1.5379508073034556,1.4283641618179959e-06
638,0.5176095155542195,0.4723070387382843,0.8725715714702957,0.940195801445842,0.9554583685694488,0.9706288286465323,1.5403651727780292,1.3961668374674465e-06
639,0.4883223272887002,0.49227359965176787,0.8790035026771142,0.944295026580261,0.9586426410376323,0.972530230871279,1.542779538252603,1.364334951368053e-06
640,0.49724802586099137,0.475801913337085,0.8769617646722059,0.9426489166402681,0.9573912537355587,0.9722533386257723,1.5451939037271767,1.3328692247492264e-06
641,0.5195221205078345,0.46336181282765726,0.8721545067573082,0.9406792482366377,0.9558365989957461,0.9701539693607606,1.5476082692017503,1.3017703705441317e-06
642,0.48827682962380886,0.4970956062756124,0.8796368711751583,0.9441840934305176,0.9584334402996648,0.9721006358333234,1.5500226346763242,1.2710390933735443e-06
643,0.508590231226255,0.4744049905301776,0.8745740366031379,0.9418274456229889,0.9567604490211493,0.971173155344,1.5524370001508978,1.2406760895298712e-06
644,0.5325053282427187,0.4531527119675993,0.8678439048411601,0.9383775127690276,0.9543774478741192,0.9703816774952092,1.5548513656254717,1.2106820469614012e-06
645,0.5201456728227892,0.4663656016658046,0.8714466934241555,0.93988820248546,0.9552953064031438,0.9706399136305282,1.5572657311000453,1.1810576452566832e-06
646,0.5023754381372662,0.49096580620431685,0.8764837242940785,0.9424528936470051,0.9572375404370179,0.9712774925208512,1.559680096574619,1.151803555629166e-06
647,0.5070572413823348,0.48148442046236045,0.8755340330327349,0.9419054145890762,0.9566851009079039,0.9708477142049923,1.5620944620491928,1.1229204409019454e-06
648,0.5185908049862727,0.4751023059434881,0.872733718245575,0.9408537379603595,0.9557700813354142,0.9699497444759718,1.5645088275237664,1.0944089554927983e-06
649,0.5121005459272389,0.47168986952118047,0.8733346918109095,0.9413824879514652,0.956330354386077,0.9710644276283797,1.56692319299834,1.0662697453993071e-06
650,0.5201499388004897,0.4707002830762719,0.8715903044705466,0.9396245952839395,0.9549270974253259,0.9698511885589126,1.569337558472914,1.038503448184254e-06
651,0.5004205489282625,0.47755528329550706,0.8771795285375196,0.9430366276278656,0.9577766303574956,0.9717664620080343,1.5717519239474875,1.0111106929611685e-06
652,0.49034501623948296,0.48793608735798305,0.8795996280583039,0.9444297530444612,0.9586663560788028,0.9721096235140471,1.5741662894220612,9.840921003800617e-07
653,0.5145999595142389,0.47484553704827337,0.8732887089747071,0.9413729076665169,0.9563154029434516,0.9706294286940003,1.576580654896635,9.57448282613385e-07
654,0.48779024525444137,0.4979088911829323,0.8803398652508637,0.9444404407767667,0.9586579684732647,0.9723982377710887,1.5789950203712086,9.311798433421335e-07
655,0.4913818911832154,0.48879297790369775,0.8785172940683555,0.9439599842334367,0.958466272248081,0.9723035311566187,1.5814093858457825,9.05287377742192e-07
656,0.5016269786172273,0.47939337885615707,0.8763030312861092,0.9434843426329413,0.9580926055091566,0.9717004266070759,1.5838237513203561,8.797714724708378e-07
657,0.513455652707328,0.47088155908321516,0.8735797095223776,0.9419283399437755,0.9566173627915635,0.9707746865409489,1.5862381167949298,8.546327056534516e-07
658,0.508519049198988,0.4801222638532834,0.8739884635713318,0.9417563955052578,0.9567980209090614,0.9710868972044291,1.5886524822695036,8.298716468704152e-07
659,0.5095517230976434,0.4724519357387411,0.8741708549428021,0.9422184915334149,0.9570896555146855,0.9712965490386212,1.5910668477440773,8.054888571442159e-07
660,0.5118826683413998,0.4835494503325636,0.8739024383261236,0.9405925807168876,0.9555163657288783,0.9702879402533279,1.5934812132186509,7.814848889267151e-07
661,0.5064934511958907,0.47935103244837757,0.8761718322996339,0.9416856054910419,0.9560041682120843,0.9698811830428425,1.5958955786932247,7.578602860866603e-07
662,0.5008460352206198,0.47797520880991645,0.875301625353278,0.942139465551128,0.9573671023305017,0.9723933771971471,1.5983099441677984,7.346155838973321e-07
663,0.5282330596933104,0.47110630205259363,0.87006390338949,0.9393473751221065,0.9547069038662243,0.969583971802528,1.6007243096423722,7.117513090244439e-07
664,0.5008470335707994,0.4786407320549961,0.8760627265169296,0.9427447289623818,0.9574885530501814,0.9719441154039625,1.6031386751169459,6.892679795141824e-07
665,0.5155629756000634,0.47277813500560145,0.8721744933849883,0.9403668608736595,0.9558247070794674,0.9711871433157923,1.6055530405915195,6.671661047814978e-07
666,0.5144992595856854,0.4682168500098808,0.8718470871886699,0.940780217661466,0.956198063916341,0.9712980656344196,1.6079674060660933,6.454461855985331e-07
667,0.4945132544972277,0.481358189081225,0.878356515838011,0.943943930567977,0.9584614312671268,0.9721418610844125,1.610381771540667,6.241087140833005e-07
668,0.511339319409146,0.4648500667637369,0.8734900528001442,0.9414088721608651,0.956466001945595,0.9714181707495693,1.6127961370152406,6.031541736885191e-07
669,0.4874215391010467,0.4860610785526104,0.8799574129564065,0.9443342863401246,0.9586742468168284,0.9725264892461034,1.6152105024898145,5.8258303919067e-07
670,0.4956176663139865,0.4872904344144073,0.8775730038921091,0.9437932672000916,0.9581651962878204,0.9720861084397439,1.617624867964388,5.623957766792275e-07
671,0.5120231319913613,0.47061824985117784,0.8731064130274012,0.9410956681886931,0.9562815796630548,0.9710209028145561,1.6200392334389617,5.425928435461095e-07
672,0.49664711914360643,0.48585113302628724,0.8774470707656613,0.943372969837587,0.9580940323910123,0.9720647553120039,1.6224535989135356,5.23174688475307e-07
673,0.508039353251376,0.47926463731432756,0.8751315242593961,0.9414445646421753,0.9561786219931944,0.970870687018311,1.6248679643881092,5.041417514327226e-07
674,0.5238477555721781,0.4609085126682922,0.8699194748692898,0.9397893370988055,0.9554965080334313,0.9710085677212533,1.627282329862683,4.854944636561989e-07
675,0.4948852815933019,0.4866527043648815,0.8775967244368575,0.9429772624696685,0.9576594723488387,0.9720134388928275,1.6296966953372567,4.672332476457503e-07
676,0.4899016428418473,0.4902623713052142,0.8791822049164096,0.9441782562325978,0.9584679583992441,0.9723119722661627,1.6321110608118303,4.4935851715398933e-07
677,0.5199655004671379,0.4671125323350102,0.8721032070847483,0.9411613660715777,0.9563489014201474,0.9708701535171976,1.6345254262864042,4.3187067717674553e-07
678,0.5079404098442615,0.4824594393090662,0.8748745254411309,0.9419302308922901,0.9566887132589957,0.9709319261717724,1.6369397917609778,4.147701239439094e-07
679,0.5058510360382713,0.4819570817712829,0.8756567985448799,0.9427041682015028,0.9574051948398967,0.9714506158112619,1.6393541572355514,3.980572449104245e-07
680,0.504237918714511,0.48669093691055626,0.8761096530992031,0.9427518251658157,0.9573846447487713,0.9713427494393282,1.6417685227101253,3.817324187475396e-07
681,0.48932212601783465,0.4867494963062458,0.8790906610130356,0.9434745023653272,0.9581215925072849,0.9722992429808274,1.644182888184699,3.6579601533420024e-07
682,0.5182428156567588,0.4653899860363056,0.8725407436427606,0.9407020318256846,0.9558862055456114,0.9706409086072123,1.6465972536592726,3.5024839574869677e-07
683,0.497615246818563,0.4874279001623484,0.8771959124154464,0.9430976202837031,0.957727970255455,0.9717737933456505,1.6490116191338464,3.3508991226045735e-07
684,0.508783581793756,0.47466207226863927,0.8746576751159694,0.9417564541273918,0.9565360133651651,0.9708746481312962,1.65142598460842,3.20320908322084e-07
685,0.5226322944651227,0.47146688618620214,0.870963663549333,0.9397763954767651,0.9553554304296424,0.9705699653915846,1.653840350082994,3.059417185615651e-07
686,0.506241499237988,0.4818697279295927,0.875102587691004,0.942253627309893,0.9572013696172477,0.9714682159475667,1.6562547155575675,2.91952668774691e-07
687,0.5238085061904855,0.472765515553586,0.8711350533453034,0.9396319875287524,0.9548713902597954,0.9700568895724075,1.6586690810321412,2.783540759176724e-07
688,0.513713293441806,0.46906651701007507,0.8735302734328404,0.9411188482859513,0.9562581890048564,0.9707500436587877,1.661083446506715,2.651462480999694e-07
689,0.5001484097129901,0.47452912981840273,0.8769366061932271,0.9432224688069757,0.9577495501591085,0.9716892497689361,1.6634978119812887,2.523294845772916e-07
690,0.5249973072707196,0.46999882578574503,0.8706294991239788,0.9393543263418683,0.9549489826843236,0.970084509435304,1.6659121774558623,2.3990407574483713e-07
691,0.512970935597257,0.4826879764664167,0.8744135358758827,0.9414344627385042,0.9563030847547718,0.9704469318258269,1.6683265429304361,2.2787030313070132e-07
692,0.5285165799265993,0.4627631570178537,0.8699493087755514,0.9389600926499871,0.9545062604115518,0.9700118675586185,1.6707409084050098,2.162284393894965e-07
693,0.4898158548056642,0.4919762701753223,0.879008061102306,0.9440204145232515,0.9585977853086637,0.9725447188111318,1.6731552738795836,2.049787482961897e-07
694,0.5240168642559491,0.4667930936506783,0.8716682313758638,0.9400612169603341,0.9552485214810629,0.9698635576761993,1.6755696393541573,1.9412148474010007e-07
695,0.5063557958315683,0.48033563024422254,0.8745242395704822,0.941509972243929,0.9566737177964217,0.9715063751181947,1.677984004828731,1.8365689471915421e-07
696,0.501852097854211,0.48018913416202313,0.8761463599462861,0.9428697819088676,0.9576783329977009,0.9719142409663162,1.6803983703033047,1.73585215334287e-07
697,0.5045012606795004,0.47664358125062734,0.8762045347922098,0.9426290417031171,0.9573185078491928,0.9710682566931591,1.6828127357778784,1.6390667478408487e-07
698,0.4956197525434278,0.4858086899058318,0.8780500023617077,0.9437937422856846,0.9583509268629222,0.9720531255412247,1.685227101252452,1.5462149235960774e-07
699,0.5033868254651822,0.4823919729200455,0.8749305519757605,0.9417677123486702,0.9570066612826549,0.9721892881076344,1.6876414667270259,1.4572987843942423e-07
700,0.531181475707782,0.4608183422915964,0.8696706956857843,0.9394430314511627,0.9548665556419788,0.9693905889875598,1.6900558322015995,1.372320344848409e-07
701,0.4910308199242336,0.4825286636509597,0.8785379001761912,0.9441414071999741,0.9585917501331455,0.9726932423171707,1.6924701976761731,1.291281530353468e-07
702,0.522243463363187,0.46444316154088383,0.8717076654150807,0.9408036117467691,0.9559276581404162,0.9703271021345699,1.694884563150747,1.2141841770423866e-07
703,0.5021718116273222,0.47494921914022176,0.8764103496507502,0.9429160039341615,0.9575221272723194,0.9713427545143358,1.6972989286253206,1.1410300317446893e-07
704,0.5186807501722193,0.4614762091130407,0.8720016222922035,0.9413293253173013,0.9565764863059453,0.9709371123198779,1.6997132940998945,1.0718207519468411e-07
705,0.5014651024202001,0.4793898903315265,0.8766449896005445,0.942866469845397,0.9575015916559999,0.9714232125011096,1.702127659574468,1.0065579057547641e-07
706,0.5094914839052529,0.4735146290317212,0.8748405672346998,0.9426686217708453,0.9575294494326746,0.9714378556967063,1.7045420250490417,9.452429718581981e-08
707,0.5279600774078127,0.4565051306031587,0.8700335418548059,0.9398445844764803,0.9553069454204229,0.9702516998721965,1.7069563905236156,8.878773394972529e-08
708,0.498428776182972,0.4845654907670925,0.8769737074441329,0.9429255777595158,0.9577450270160378,0.9719521891055835,1.7093707559981892,8.344623084309584e-08
709,0.5149238628394021,0.46962278921041806,0.8731170717555037,0.9411458472509057,0.9562369492935917,0.9708346535144813,1.7117851214727628,7.849990889077954e-08
710,0.5087120775619407,0.47388470385089404,0.8752783868712585,0.9422014693004955,0.9568601158165736,0.9708397059490207,1.7141994869473367,7.394888016382226e-08
711,0.509681608808636,0.4790684687439752,0.8736481494562053,0.9410392711986392,0.9561795200250468,0.9715932411768187,1.7166138524219103,6.979324777693584e-08
712,0.5048474361872711,0.4857357256756938,0.8755243280082432,0.9419987868091506,0.9568596588270611,0.9713883589994946,1.7190282178964842,6.603310588616029e-08
713,0.5109075510360253,0.47831408548020926,0.8740362928151874,0.941254138015805,0.9561517109367728,0.970392452163702,1.7214425833710578,6.266853968672377e-08
714,0.5247162121932164,0.46170104948725815,0.8712097884170017,0.9403563096075267,0.9555102335056304,0.9699189215898301,1.7238569488456315,5.969962541112584e-08
715,0.49255818733027873,0.48733607438460713,0.8789809281909576,0.9436029108975427,0.9579851420353284,0.9719073860851998,1.7262713143202053,5.7126430327393206e-08
716,0.5007613904289264,0.47823372228861466,0.876873515038464,0.9431993712519559,0.9577308189137872,0.9715961066867469,1.728685679794779,5.4949012737570405e-08
717,0.5122506639892536,0.4731913196636868,0.8739391324641335,0.9412738857758919,0.9563397200545783,0.9707359723042165,1.7311000452693526,5.316742197638687e-08
718,0.497598882740856,0.4802746374825343,0.8762210039891142,0.9428880842992704,0.9577496585054807,0.9723773650464251,1.7335144107439264,5.178169841015305e-08
719,0.48543673364743845,0.48842056199227596,0.8799645801188741,0.944345843841454,0.9585824986474224,0.9725825120062137,1.7359287762185,5.079187343582914e-08
720,0.49203910442181376,0.4799926926303824,0.8780509685747075,0.9435695181105218,0.9580025815933824,0.9722280677894928,1.7383431416930737,5.0197969480328566e-08
