iter_num,cross_entropy,exact_match,top_1_accuracy,top_3_accuracy,top_5_accuracy,top_10_accuracy,epoch,learning_rate
1,0.540514894473512,0.44507509839094,0.868394391350056,0.9394355098746658,0.9547354703798183,0.9693256684073654,0.0012071827372868568,2.9166666666666664e-07
2,0.5657540663489965,0.432473183699922,0.8627488218598677,0.9362153309958219,0.9521042374870925,0.9673136496290458,0.0024143654745737136,5.833333333333333e-07
3,0.5455763381407502,0.447817558280735,0.867058244312392,0.9379152879393322,0.9537549090326201,0.9693846200819031,0.0036215482118605704,8.749999999999999e-07
4,0.591176674202569,0.42411814036375073,0.8570731958684185,0.9332310998465544,0.9500309181546824,0.9657772289699292,0.004828730949147427,1.1666666666666666e-06
5,0.5675536822142241,0.4371909918746603,0.8617467813083541,0.93564238816281,0.9519455277051275,0.96766089164414,0.006035913686434284,1.458333333333333e-06
6,0.584863553435985,0.42549633435008294,0.857867904058259,0.9327411639763323,0.9495988114628567,0.9660976840891937,0.007243096423721141,1.7499999999999998e-06
7,0.6043887339206819,0.39527941778605485,0.8535598751825026,0.9320393537736299,0.9491759945797906,0.9652677182636245,0.008450279161007998,2.0416666666666665e-06
8,0.6000105543077687,0.42125296966674103,0.8558625562100801,0.9314385006826362,0.9483105947050343,0.9644876409428973,0.009657461898294854,2.333333333333333e-06
9,0.5786477606888075,0.43094964844935163,0.8591854555865722,0.9343917161739794,0.9512523560709087,0.9671662729940591,0.010864644635581712,2.625e-06
10,0.5485544053159113,0.43617490280950666,0.8672960277544804,0.9393595897893893,0.9548531697528833,0.9692990867775968,0.012071827372868568,2.916666666666666e-06
11,0.601169112252997,0.4195383465939626,0.8543451757473771,0.931098595203889,0.9481400713177762,0.9651958567768104,0.013279010110155426,3.2083333333333332e-06
12,0.5618238655161859,0.4325391101378198,0.8626693840631565,0.9366659606015675,0.952847255219634,0.9686173146245165,0.014486192847442281,3.4999999999999995e-06
13,0.571327031066633,0.4390566511910903,0.8620094666713775,0.9351579799723658,0.9514033380663507,0.9669611832097879,0.01569337558472914,3.7916666666666662e-06
14,0.5758545800826361,0.4140590773315632,0.8604976119665103,0.9359545071030156,0.952125750674796,0.9671821968380986,0.016900558322015997,4.083333333333333e-06
15,0.5997674239897747,0.41935397935397933,0.8543441502923709,0.9309999007618437,0.9482883326463,0.9655500465655964,0.01810774105930285,4.375e-06
16,0.5837602654008903,0.4206494978310993,0.8572342208705845,0.9338747520565702,0.9506824052278597,0.9669431033067397,0.01931492379658971,4.666666666666666e-06
17,0.5923477406862862,0.42178856180103214,0.8563477596984301,0.9318814715846734,0.9490537767810279,0.9658643889869734,0.020522106533876566,4.958333333333333e-06
18,0.5569925863536871,0.4389353026338509,0.8641763484982227,0.9370432044277978,0.9531073311544243,0.9686198916907222,0.021729289271163424,5.25e-06
19,0.6074757551456031,0.4160755882429921,0.852788284957905,0.9298137327386773,0.9476057144219991,0.9648052660449808,0.022936472008450278,5.5416666666666656e-06
20,0.5451497427526164,0.44807408401556836,0.8679420877503451,0.938935946409788,0.9543437050782033,0.9689086282303127,0.024143654745737136,5.833333333333332e-06
21,0.5530112943536375,0.44820627207307684,0.8651292361918619,0.9371003434969478,0.9530388691904814,0.9685516037813305,0.025350837483023993,6.125e-06
22,0.5526677061401666,0.44093360634895146,0.8648645296817418,0.9362625055211751,0.9522760597078714,0.9686359096273076,0.02655802022031085,6.4166666666666665e-06
23,0.5752808244996578,0.4250074531804754,0.8587547411087034,0.9330550147018972,0.9500203000942194,0.967515027373785,0.027765202957597705,6.708333333333333e-06
24,0.5972773917187364,0.42481050969955514,0.8562082204651331,0.9323029505028583,0.949217664633209,0.9652472565508114,0.028972385694884563,6.999999999999999e-06
25,0.5924784548315806,0.42176789731374886,0.8568934510853734,0.9323295057871619,0.9493753456108968,0.965526297945006,0.03017956843217142,7.291666666666666e-06
26,0.5976384203880437,0.4083780054137254,0.8545131088821798,0.9318643372586053,0.9491584274110852,0.9655673043445082,0.03138675116945828,7.5833333333333324e-06
27,0.5919670969172436,0.42274296335634626,0.8561300658477915,0.931792527454073,0.94909176611582,0.9660789887244841,0.032593933906745136,7.874999999999998e-06
28,0.602807598441243,0.41182831146568205,0.8548607370564348,0.9313187862673864,0.9485418552857269,0.9649244950739386,0.033801116644031994,8.166666666666666e-06
29,0.5523649817429079,0.45653076253598446,0.8658919729875206,0.9366594389069794,0.9524017667291461,0.9677012670211832,0.035008299381318844,8.458333333333332e-06
30,0.5743730641267588,0.4377285296777322,0.8604031406716212,0.9338973764739795,0.9503786483199926,0.9664246702695686,0.0362154821186057,8.75e-06
31,0.5730066994143768,0.4306428863315801,0.8616724898245801,0.9354698057654034,0.9516808286121547,0.9669062716460233,0.03742266485589256,9.041666666666665e-06
32,0.5748792551353442,0.4462832586632532,0.8610011088230635,0.9340756022665031,0.9502909467745845,0.9662715490506298,0.03862984759317942,9.333333333333333e-06
33,0.6033042020992037,0.42039875895113044,0.8547217230388459,0.931028029173104,0.9480103431219957,0.9643443022116636,0.039837030330466275,9.625e-06
34,0.5772388888968422,0.4324075656208515,0.8597978502381572,0.9339343810153679,0.9506545388261723,0.9666140821520904,0.04104421306775313,9.916666666666666e-06
35,0.5714115126223052,0.4352883048900996,0.861214495966242,0.9341531206541003,0.9506687320321785,0.9668848399755056,0.04225139580503999,1.0208333333333334e-05
36,0.571982709965673,0.4384163467236981,0.86030607803157,0.9350357396503929,0.9515806013119812,0.9672252896209917,0.04345857854232685,1.05e-05
37,0.5744948750229127,0.4293380561140924,0.8582755269403568,0.9330161857900334,0.9502301754144781,0.9676274652445626,0.0446657612796137,1.0791666666666665e-05
38,0.5968835005441303,0.4221346760938193,0.8550926584288773,0.9320587570017551,0.9491626525974615,0.9652272009299724,0.045872944016900556,1.1083333333333331e-05
39,0.5937845342677774,0.4219083898541299,0.8543964278009939,0.9297625342911633,0.9472579478182516,0.9655752038379376,0.047080126754187414,1.1374999999999999e-05
40,0.5705296827197058,0.4309790692732682,0.8611715405285439,0.9347925486471395,0.9511538333039008,0.966765782578191,0.04828730949147427,1.1666666666666665e-05
41,0.5893974253592357,0.42798454289859167,0.8559896467576873,0.9325434688137229,0.9494047363218292,0.9660119482528904,0.04949449222876113,1.1958333333333332e-05
42,0.558644265675702,0.44927708143871997,0.8646774245855137,0.9365589285067044,0.9526576536189224,0.9679055633027663,0.05070167496604799,1.225e-05
43,0.5742805488696978,0.4472108455596454,0.8606302436398723,0.9343454057340165,0.9505858370307029,0.9666153536352244,0.051908857703334844,1.2541666666666665e-05
44,0.5631767598717338,0.4466395006963429,0.8631168580747948,0.9359976784744369,0.9518407540376121,0.9670232639389378,0.0531160404406217,1.2833333333333333e-05
45,0.5543282599241705,0.45590128336822394,0.8648502204576285,0.9366243940038578,0.9527881069262426,0.9684710295209077,0.05432322317790855,1.3124999999999999e-05
46,0.5638956284285224,0.4347538642584194,0.8626261739078135,0.9359786455464298,0.9524212311079245,0.9678098414932079,0.05553040591519541,1.3416666666666666e-05
47,0.5703824973460718,0.42618132489260685,0.8595825282091653,0.9346138982323051,0.9514826212457358,0.9679906486318853,0.05673758865248227,1.370833333333333e-05
48,0.5602975906858416,0.44342272630909474,0.8637867287499225,0.93643177123338,0.9524299774343904,0.9676953976651989,0.057944771389769126,1.3999999999999998e-05
49,0.5552382376918586,0.4430631266585618,0.8634646354401203,0.9370473053937919,0.9530075331435419,0.9683695743430443,0.05915195412705598,1.4291666666666666e-05
50,0.5566916037776151,0.4374498638927975,0.8634756901388821,0.93703482028563,0.95296202004813,0.96849784121293,0.06035913686434284,1.4583333333333331e-05
51,0.5637732544844618,0.45664889628185373,0.8625397940253613,0.9336737615183186,0.9501553589287487,0.9669623703115576,0.0615663196016297,1.4874999999999999e-05
52,0.5680849633084851,0.43378537655968463,0.8614061140038786,0.9347228160454427,0.9513897372077753,0.9674458687718548,0.06277350233891656,1.5166666666666665e-05
53,0.5848715773722917,0.4291199326767564,0.8576410123331232,0.9325184395789546,0.9493795276071337,0.9659830196545733,0.06398068507620341,1.545833333333333e-05
54,0.5649583135645609,0.44200639126440944,0.861589763607437,0.9355720749653318,0.9521125873385055,0.9680165223789858,0.06518786781349027,1.5749999999999997e-05
55,0.5594987952038962,0.4401002899004936,0.8634279934348639,0.9365720065651361,0.9524409328600328,0.9677716706744532,0.06639505055077713,1.6041666666666666e-05
56,0.5437998949554762,0.4546992058982863,0.8673018273760759,0.9375323452631257,0.9530666651389199,0.9686630497262468,0.06760223328806399,1.633333333333333e-05
57,0.5631198449791287,0.4453448800963996,0.862708291383195,0.9350893382868692,0.9513289326644215,0.9673003642623949,0.06880941602535083,1.6624999999999998e-05
58,0.5591521243811808,0.4357495345112694,0.8635077159139054,0.9365856079025615,0.9524582905519655,0.9676773247935998,0.07001659876263769,1.6916666666666663e-05
59,0.5489343907355608,0.4554028455120713,0.865929684114886,0.9363629596119818,0.9522746056923838,0.9679629237267915,0.07122378149992455,1.7208333333333333e-05
60,0.5756526115365648,0.4261835137911958,0.8602679202196518,0.9342734344271373,0.9508427878061168,0.9664307344511951,0.0724309642372114,1.75e-05
61,0.5759245766157702,0.42576914304115066,0.8588235630993548,0.9326718138684286,0.9497522642692631,0.9671247860767842,0.07363814697449826,1.7791666666666664e-05
62,0.569120830575827,0.43430924650923364,0.8605442274212397,0.9352278743650283,0.9518466051370108,0.9676478023419427,0.07484532971178512,1.808333333333333e-05
63,0.5539546556714704,0.45525721326624913,0.8655274668743492,0.9375778451600711,0.9533286948355194,0.9679895929670447,0.07605251244907198,1.8375e-05
64,0.5326537921544496,0.4534487521871259,0.8700331805791415,0.9400686534262721,0.9553017293251754,0.9695223868622481,0.07725969518635883,1.8666666666666665e-05
65,0.5544911806528721,0.45820609139799473,0.8648090519828648,0.9354940295046392,0.9514325276289886,0.9671839855406464,0.07846687792364569,1.895833333333333e-05
66,0.5742578875767499,0.4470317925417253,0.8591306687941246,0.9326653853568041,0.9495250437547595,0.9670126330535955,0.07967406066093255,1.925e-05
67,0.5713752330693816,0.4290538778490586,0.8608562515988377,0.9349105987194025,0.9512979699055779,0.9669007174247544,0.08088124339821941,1.9541666666666666e-05
68,0.6105909550917705,0.4043978675425905,0.8516015729393349,0.9295460619249418,0.947270263047379,0.9642872141411828,0.08208842613550626,1.9833333333333332e-05
69,0.528181242494836,0.46435172960126747,0.8706782663810647,0.9396016845931509,0.9551522892063092,0.9701225262788131,0.08329560887279312,2.0124999999999998e-05
70,0.5720978837022107,0.43746104989591206,0.8600735209189064,0.9346043740269361,0.9511480126346777,0.9672611405383579,0.08450279161007998,2.0416666666666667e-05
71,0.5207907215528029,0.45755915893058596,0.8725091232686796,0.9406371679388001,0.955841660921856,0.9701954126811048,0.08570997434736684,2.0708333333333333e-05
72,0.5887284728083606,0.4236314695378711,0.8561764686235909,0.9319863694096114,0.9493328320309331,0.9662765986886617,0.0869171570846537,2.1e-05
73,0.5350336551281946,0.4663121027370606,0.8684210023720488,0.938747856179741,0.9544211398821233,0.9697391892253218,0.08812433982194054,2.1291666666666668e-05
74,0.5878363306150621,0.4270972473219664,0.8569647633356943,0.9327454510396124,0.9495896342313207,0.9657999889270925,0.0893315225592274,2.158333333333333e-05
75,0.5780390451038779,0.4283603170036356,0.8594340811696496,0.9342539969903216,0.9506124389852648,0.9664266180840418,0.09053870529651425,2.1874999999999996e-05
76,0.5806316894765677,0.417122986530237,0.8584311445945856,0.9334492082990911,0.9502730315811778,0.9666654258309543,0.09174588803380111,2.2166666666666662e-05
77,0.5923251020033308,0.4196100556313635,0.8547717961179417,0.9314667473797682,0.9490037056097833,0.9661969329657959,0.09295307077108797,2.245833333333333e-05
78,0.5596346890874998,0.45083929628234787,0.8637554193337775,0.9349918578745712,0.950902888211386,0.9667824191180542,0.09416025350837483,2.2749999999999997e-05
79,0.5466809981619632,0.44027059291683246,0.8665519753229035,0.9386204006113902,0.9543061285084047,0.9687688851676788,0.09536743624566169,2.3041666666666663e-05
80,0.5378265184055918,0.45641927730257414,0.8690662896566461,0.9383142157199441,0.9536388335584709,0.9680705329273226,0.09657461898294854,2.333333333333333e-05
81,0.5727123078842329,0.43703713482330264,0.8614806737869677,0.9343600035900678,0.9506365686590906,0.9661550183609049,0.0977818017202354,2.3624999999999998e-05
82,0.5671548878351182,0.42865096302973266,0.8613974679292028,0.9359070772390389,0.9524487563917323,0.9678919833027625,0.09898898445752226,2.3916666666666664e-05
83,0.5588055498025951,0.4413152864999805,0.8632034582440704,0.9364591567475092,0.952749869208415,0.9682061886377435,0.10019616719480912,2.420833333333333e-05
84,0.5460136006830785,0.4603988158117819,0.8676256781383378,0.9382207979288559,0.9534784928837836,0.9681882358331974,0.10140334993209597,2.45e-05
85,0.5472506679541377,0.4568344841456057,0.8658835275431818,0.9359918828937522,0.9521392354800776,0.9682445898685075,0.10261053266938283,2.4791666666666665e-05
86,0.5373748910657454,0.4592617315266004,0.8696194706474952,0.9384129727997069,0.9539726241719327,0.9688482614403028,0.10381771540666969,2.508333333333333e-05
87,0.5826225176482495,0.4350927813219684,0.8592626105282448,0.9327667567691391,0.949339312166888,0.9655568027366717,0.10502489814395655,2.5374999999999997e-05
88,0.5180048495631476,0.4663708167087371,0.8726035266925853,0.9406352169207954,0.9555718421901452,0.9701477439512012,0.1062320808812434,2.5666666666666666e-05
89,0.5798372257574138,0.43724359972996835,0.8596244633553848,0.9331218584327685,0.9496298870945564,0.965531564634165,0.10743926361853026,2.5958333333333332e-05
90,0.553496065559872,0.4419894538116008,0.8656239297812485,0.9377572698558668,0.9533305923013888,0.9679127550519094,0.1086464463558171,2.6249999999999998e-05
91,0.5404582045359735,0.44103431609473176,0.8668412893569252,0.9385734140772362,0.9543562761074922,0.9693983917402959,0.10985362909310396,2.6541666666666667e-05
92,0.5695283139960271,0.4240630903158479,0.8608458507380623,0.9355942299027881,0.9519142656413467,0.9673112461913235,0.11106081183039082,2.6833333333333333e-05
93,0.5427914710397583,0.43032165429878827,0.8662448417631479,0.9385098066174379,0.9542466062095528,0.9695566160056677,0.11226799456767768,2.7125e-05
94,0.5830169254107833,0.42731864277142595,0.8569600366732405,0.9325231475954674,0.949557103769035,0.966518477487501,0.11347517730496454,2.741666666666666e-05
95,0.5536402897615151,0.440151586416352,0.8642871592865294,0.936318405111704,0.9524976430128212,0.9682732349315042,0.1146823600422514,2.770833333333333e-05
96,0.5744662316411313,0.4278500322186132,0.8597543929617202,0.9342980659232877,0.950927251962366,0.9668904691073441,0.11588954277953825,2.7999999999999996e-05
97,0.5457809558836857,0.45238593827709866,0.8667599729430879,0.938085847498619,0.9539278794002066,0.9689780482196915,0.11709672551682511,2.8291666666666662e-05
98,0.5508167963370797,0.4391861540494121,0.8653510492206594,0.9379056431456866,0.9537987905022841,0.9685124056064046,0.11830390825411197,2.858333333333333e-05
99,0.5496697958038658,0.45063675354668425,0.8625560758499529,0.9350927702829726,0.951652382692805,0.9694134330110096,0.11951109099139882,2.8874999999999997e-05
100,0.5534239355376233,0.44776336109607845,0.8650102380734085,0.9365440007945968,0.9524617218300174,0.9680423122765197,0.12071827372868568,2.9166666666666663e-05
101,0.5565593574431493,0.43927452034674047,0.8641065785830891,0.9368079886204165,0.9529981193137882,0.9682498162273625,0.12192545646597254,2.945833333333333e-05
102,0.5310847161901047,0.45844458405319094,0.8700794465844841,0.9397803670348214,0.9550731664484208,0.9695518388009331,0.1231326392032594,2.9749999999999998e-05
103,0.5807302015786994,0.4224970242031477,0.8575081628096477,0.9331517891390263,0.9501748969033802,0.967145526055154,0.12433982194054626,3.0041666666666664e-05
104,0.5843291955783072,0.45061522224151984,0.8594593769585113,0.9303907531081007,0.9462858756339972,0.9620932377762663,0.1255470046778331,3.033333333333333e-05
105,0.5456377815044489,0.4663434939536844,0.8687600920740716,0.9381811553540004,0.9536528059306085,0.9684860075659539,0.12675418741511996,3.0625e-05
106,0.5228419686053596,0.4569807283413914,0.8721511049088286,0.9407154918230733,0.9558399187509485,0.9703992676894706,0.12796137015240683,3.091666666666666e-05
107,0.5241817824025711,0.4690513994777383,0.8714458395703762,0.9400289837650846,0.9550808883648024,0.9698112811530157,0.12916855288969367,3.120833333333333e-05
108,0.5243691587698409,0.4854777829282829,0.8725145629771247,0.9395271540136194,0.9545404243059094,0.9693314100472618,0.13037573562698054,3.149999999999999e-05
109,0.5540811725132399,0.4422529618108412,0.8632939260308734,0.9358500797661339,0.9523961823002243,0.9688821380188021,0.1315829183642674,3.179166666666666e-05
110,0.5593980397821088,0.44038862084420893,0.8625509871026728,0.9357185531019818,0.9521632656177528,0.9681508359308045,0.13279010110155426,3.208333333333333e-05
111,0.5391596146640389,0.4575030392726888,0.8669093746929181,0.9378814375107926,0.9540543402663492,0.9697292336284182,0.1339972838388411,3.2374999999999994e-05
112,0.5667113144753276,0.43564356435643564,0.8621311910540618,0.93489236727079,0.9514817283106636,0.967140175565566,0.13520446657612797,3.266666666666666e-05
113,0.5473749969870486,0.4502909283258397,0.8657204687841568,0.9374995823632227,0.9535845645265526,0.9689583709206433,0.13641164931341482,3.2958333333333326e-05
114,0.5602638619158562,0.4444886378702304,0.8633989385354385,0.9358569675549101,0.9519879082354153,0.9672925019990725,0.13761883205070166,3.3249999999999995e-05
115,0.5292238030563079,0.4584821369740258,0.8705892352032271,0.9399171468571003,0.9547888849204605,0.9696176493619849,0.13882601478798853,3.3541666666666664e-05
116,0.5197824285248962,0.46433289299867897,0.8719435310288215,0.9404603614739585,0.9559960101369248,0.9709532241052636,0.14003319752527538,3.383333333333333e-05
117,0.5657993263560548,0.4309847878302642,0.861611568867875,0.9342395167869769,0.9505555900132159,0.9668105936630772,0.14124038026256225,3.4124999999999996e-05
118,0.5516202314435683,0.4442326395642871,0.8654324760531368,0.9375968140883002,0.9533602009339993,0.9684531711090525,0.1424475629998491,3.4416666666666665e-05
119,0.5840086157180582,0.4183601688291387,0.8577623284264352,0.9340953202913397,0.95085336874676,0.9664189827168603,0.14365474573713596,3.470833333333333e-05
120,0.5021866061925804,0.48170534268753373,0.8770171081493411,0.9430701547662096,0.9576155642082746,0.9715179034001624,0.1448619284744228,3.5e-05
121,0.5639657110958947,0.4393188158608015,0.8629882147892131,0.9359091468774966,0.9520946023982766,0.9672606519807305,0.14606911121170968,3.5e-05
122,0.5691052240420759,0.44626249822146913,0.8615510579559259,0.9342715119613481,0.9510886835503194,0.9670021576136278,0.14727629394899652,3.499995050755983e-05
123,0.5016811296920743,0.4885737428461406,0.8775656465792016,0.9431835966576453,0.95772337396124,0.9714539013860313,0.1484834766862834,3.499980203051967e-05
124,0.5287146121048769,0.4635097420381335,0.869633473876687,0.9393780336273355,0.9548937908340793,0.9703436981670831,0.14969065942357024,3.4999554569720544e-05
125,0.5365582340284387,0.46199481900057715,0.8680527246846953,0.9383720341887523,0.9543160292473644,0.9697101326136371,0.1508978421608571,3.499920812656417e-05
126,0.5498587194757881,0.45360218496399773,0.8665086563619512,0.9378395224945137,0.9536077799870372,0.9684663486733148,0.15210502489814395,3.4998762703012915e-05
127,0.5065616841922217,0.47473585379722566,0.8753235798981147,0.9426615943460227,0.9575617747778952,0.9715936685683099,0.15331220763543082,3.4998218301589844e-05
128,0.536272270263146,0.45335739210041,0.8683783752807959,0.9383013187854338,0.9539045905346965,0.9696043261663534,0.15451939037271767,3.499757492537863e-05
129,0.558280136218186,0.449107872334818,0.8631283716250338,0.9359798153559472,0.9520891545723317,0.9680514811523118,0.15572657311000454,3.499683257802361e-05
130,0.5235534003235885,0.4640126721474577,0.8709101532069592,0.9396432553805735,0.9553343669329586,0.9706436067026135,0.15693375584729138,3.49959912637297e-05
131,0.5330835404779551,0.45143790232250575,0.8698371580495617,0.9392614128240542,0.9549519281704835,0.9694932628807973,0.15814093858457823,3.4995050987262426e-05
132,0.5303126002518707,0.47731744717808144,0.8683215545341534,0.9357185003847762,0.952070057916938,0.9697411210259681,0.1593481213218651,3.4994011753947856e-05
133,0.5297160451394589,0.45143298089810063,0.8701554754393871,0.9393183675651728,0.9546978712353251,0.9697833044354993,0.16055530405915194,3.4992873569672606e-05
134,0.5268760479781958,0.4620608090150428,0.8705779733950724,0.9397939210822913,0.9550871259367982,0.9693897319370789,0.16176248679643881,3.499163644088376e-05
135,0.5542072826232216,0.4461384100178518,0.8637148543582743,0.936801561657304,0.9530376430047585,0.9684117582485765,0.16296966953372566,3.499030037458887e-05
136,0.5497166757777902,0.4509747178448344,0.865614787269784,0.936879600500901,0.9528897254207263,0.9684569805442718,0.16417685227101253,3.498886537835593e-05
137,0.5351005558218583,0.47163758704326736,0.8690846586701075,0.9387469173035664,0.9544505356065754,0.9695843799867149,0.16538403500829937,3.498733146031327e-05
138,0.5751866237871954,0.42336928403709156,0.8600940669153493,0.9342352054493938,0.9508113986968012,0.9666711187857163,0.16659121774558625,3.498569862914959e-05
139,0.5584792149898954,0.43842939576838896,0.8642106721576983,0.9368289292010453,0.9529179068467496,0.9679367066231589,0.1677984004828731,3.498396689411384e-05
140,0.5207008936471337,0.4595397673519967,0.8719434192112536,0.9409723249045333,0.9563185473985257,0.9707241734246201,0.16900558322015996,3.4982136265015207e-05
141,0.5337740703674083,0.46803136694833447,0.8697110169596629,0.9385265881378716,0.9538729985794601,0.969050546988961,0.1702127659574468,3.498020675222306e-05
142,0.55757944206906,0.44745269286754,0.864523325817136,0.9362007483117183,0.9523282876524749,0.9678050381742034,0.17141994869473368,3.497817836666688e-05
143,0.5218752206577655,0.46711976245463543,0.872028992283419,0.9404037965540175,0.955384669700373,0.9701880624387526,0.17262713143202052,3.497605111983617e-05
144,0.5238302400839377,0.46137584428016803,0.8715698376569485,0.940709203891349,0.9558083096594974,0.9703941908317864,0.1738343141693074,3.497382502378048e-05
145,0.5427527387774134,0.4539027187478918,0.8684306198454752,0.9377081967619827,0.9530967464291065,0.9681809030073847,0.17504149690659423,3.497150009110922e-05
146,0.5533918141259601,0.4360142251401997,0.8648338885808599,0.9362246285599224,0.9522951556522162,0.9679667824877062,0.17624867964388108,3.4969076334991676e-05
147,0.5264841145614628,0.47622627573563353,0.8717346241501338,0.9399558317713483,0.9547418811771577,0.9692817032063004,0.17745586238116795,3.49665537691569e-05
148,0.5408875911765336,0.4571158541387729,0.8681869815481248,0.9377514103800151,0.9534102081921363,0.9683234853330024,0.1786630451184548,3.496393240789365e-05
149,0.50883497637575,0.4707973386274615,0.874624828165572,0.9416049335573545,0.9565554834275241,0.9709695280281044,0.17987022785574167,3.496121226605027e-05
150,0.5348829808141948,0.45710622270304924,0.8683583927012106,0.9380795823809819,0.9539607480113949,0.9694229585482586,0.1810774105930285,3.495839335903467e-05
151,0.5338074066031898,0.4593859672623034,0.8699789380461721,0.9390844778076481,0.9546686058551659,0.9693776178328996,0.18228459333031538,3.4955475702814176e-05
152,0.5035100235792782,0.4800924666847974,0.8767106161033408,0.9417825051656097,0.956305384163887,0.9705152248292843,0.18349177606760222,3.495245931391548e-05
153,0.5296213672087562,0.4614875988448979,0.8708016305644922,0.9397674440806117,0.9553761849755129,0.9699825296661543,0.1846989588048891,3.494934420942452e-05
154,0.5175759097846564,0.4603768469567575,0.8732311067655546,0.9408971454463072,0.9560918608256027,0.9706484153292156,0.18590614154217594,3.494613040698641e-05
155,0.5255677909075763,0.47123114443139735,0.8705748241386422,0.9402080930594912,0.9554971472652699,0.9706019384848045,0.1871133242794628,3.494281792480531e-05
156,0.47968770544335554,0.49692096700459837,0.8822926947534405,0.9456979281406719,0.9595516857600477,0.9728546911301207,0.18832050701674966,3.493940678164436e-05
157,0.5569125767079688,0.44597496464672914,0.8645093027493701,0.9366892115584788,0.9526452323230589,0.9678952344697371,0.18952768975403653,3.493589699682553e-05
158,0.5325978791179278,0.46003731923495567,0.8701083790880878,0.939777512532824,0.9550603962759608,0.9694657436142278,0.19073487249132337,3.4932288590229544e-05
159,0.5094048299113662,0.46015492359932086,0.8739211739001841,0.9421989638689857,0.9573230419890663,0.9718260139486514,0.19194205522861024,3.492858158229576e-05
160,0.539696867793546,0.45932141075133276,0.8682049343687719,0.9385236982567063,0.9539378736856573,0.9689731137226155,0.19314923796589709,3.492477599402204e-05
161,0.5269350636822061,0.46494062631357713,0.8711836466803784,0.9396948443694837,0.9551023990414519,0.9699680992738388,0.19435642070318396,3.492087184696465e-05
162,0.5516972029815558,0.4439590712317985,0.8657157202064032,0.9375406859872211,0.9533540525629547,0.9686987547463008,0.1955636034404708,3.491686916323813e-05
163,0.5340687301912095,0.4484989508796471,0.8683056493631112,0.9389491835162223,0.9546238770543377,0.9697543435523895,0.19677078617775765,3.4912767965515156e-05
164,0.5201045785833107,0.46448818055406993,0.8722703086742781,0.9407861816598356,0.9558646584949407,0.9703109661302459,0.19797796891504452,3.490856827702644e-05
165,0.5489221714919978,0.445569083610445,0.8659773836775293,0.9368772444972231,0.9526424211645707,0.968190904213784,0.19918515165233136,3.490427012156057e-05
166,0.5213009102185573,0.46573828172393805,0.8721529087480052,0.9406453534096375,0.9558972871028579,0.9704992479021433,0.20039233438961823,3.48998735234639e-05
167,0.544004261980427,0.44689870593485054,0.8663622352329282,0.9381841953323694,0.9541052912855309,0.969242881887284,0.20159951712690508,3.489537850764039e-05
168,0.4907019368596447,0.4885367498314228,0.8792715793009727,0.9441392710448764,0.9584981142447054,0.9722356888732803,0.20280669986419195,3.489078509955147e-05
169,0.519276237466318,0.4768330309731584,0.8729611669939487,0.9404280046487397,0.9556289634035797,0.970315621940677,0.2040138826014788,3.488609332521591e-05
170,0.5378106586072808,0.45202053970206735,0.869239944653848,0.9390734290758147,0.9543976334748795,0.9690013836538003,0.20522106533876566,3.488130321120967e-05
171,0.5045172993467825,0.47972261118890447,0.8764631783870445,0.943098035099104,0.9578648522268559,0.9716592390422659,0.2064282480760525,3.487641478466571e-05
172,0.5223908682335967,0.4681161395856052,0.8711651640818773,0.9391608238115552,0.9547592667348055,0.9707222618267117,0.20763543081333938,3.487142807327391e-05
173,0.5638282726388999,0.46269958760706353,0.8637020357845061,0.9337154905449034,0.9492567414652033,0.964741652366806,0.20884261355062622,3.486634310528084e-05
174,0.49010514877011335,0.49792209158578604,0.8794879916350724,0.9442131453768702,0.9586561926986241,0.9720669804786555,0.2100497962879131,3.486115990948966e-05
175,0.5141484816566104,0.46841236393895874,0.8737076812108583,0.9420627106160006,0.9570591423086757,0.971318060214709,0.21125697902519994,3.48558785152599e-05
176,0.5367167200838384,0.45182597733450647,0.8689236749136846,0.9390193497395503,0.9543838314030685,0.9691402629411108,0.2124641617624868,3.4850498952507335e-05
177,0.5214502765602862,0.4634260685535181,0.8724085111256389,0.9407962359408478,0.95585629005397,0.9704334298843773,0.21367134449977365,3.484502125170381e-05
178,0.544305047869087,0.45875003247006263,0.866730477800978,0.9377555149234076,0.9535845570692939,0.968825747888125,0.21487852723706052,3.483944544387705e-05
179,0.5080871582031254,0.4749085628227194,0.8745708465576172,0.9425420761108398,0.9578008651733398,0.9720964431762695,0.21608570997434737,3.4833771560610504e-05
180,0.5133468215966254,0.4698538649738808,0.8726658735872078,0.9415224834207566,0.9565827186331027,0.9713536644280949,0.2172928927116342,3.482799963404314e-05
181,0.5323918690666442,0.4628682542219381,0.869855929777693,0.938752027478294,0.9541246064306841,0.9692023661864326,0.21850007544892108,3.48221296968693e-05
182,0.5241317120802746,0.46374788607628914,0.8710138483645113,0.9397404361939038,0.9552089276820352,0.9700343298990712,0.21970725818620793,3.4816161782338475e-05
183,0.5139776652742777,0.48491483865892193,0.8744815069623822,0.9415661805610555,0.9566025979280317,0.9707725939871507,0.2209144409234948,3.481009592425516e-05
184,0.5128754443824168,0.47223767211558026,0.8744102541097283,0.9413990877133369,0.9564654666377779,0.9710240651638785,0.22212162366078164,3.480393215697861e-05
185,0.5452646213801453,0.46734866956429555,0.865733247314455,0.9354686629154292,0.9516573267470357,0.9685149909527482,0.2233288063980685,3.4797670515422705e-05
186,0.5400625959801223,0.4598919176036891,0.868854885156244,0.9384982469809116,0.9539784749115852,0.9686709900165754,0.22453598913535536,3.479131103505569e-05
187,0.5215659783899236,0.4799068678391497,0.8721952811446173,0.9398291547626545,0.954932698198224,0.9698969241368518,0.22574317187264223,3.478485375190003e-05
188,0.5097896027432838,0.48112926789675886,0.8751840344944135,0.9418670597828058,0.9568103742941764,0.9709726760095402,0.22695035460992907,3.477829870253216e-05
189,0.5159667351190078,0.47369111493001353,0.8730506343843772,0.9417779931286948,0.956873117401647,0.9711718036126812,0.22815753734721594,3.4771645924082324e-05
190,0.5281672430581933,0.4596354166666667,0.8696733794935607,0.9388431061201744,0.954621621002649,0.9702178742375547,0.2293647200845028,3.4764895454234316e-05
191,0.5325835350897534,0.4631309544547026,0.8700066031542466,0.9392166292615154,0.9547283164628467,0.9695405655048168,0.23057190282178966,3.475804733122531e-05
192,0.5050141242074346,0.46674930529068814,0.875316716021083,0.9429620093466416,0.9576127795332023,0.9715659394405567,0.2317790855590765,3.47511015938456e-05
193,0.5213631645459406,0.4716352234401349,0.872114237731276,0.9404965696237559,0.9558297311997251,0.9705245279058007,0.23298626829636337,3.474405828143843e-05
194,0.5613836663743773,0.4405356838363567,0.8625126527512639,0.9358208570766205,0.9520755282195706,0.9678808537756954,0.23419345103365022,3.473691743389973e-05
195,0.5447382998436643,0.46200533167689,0.8665822441750389,0.9377328457568632,0.9537858429779827,0.9689504000366446,0.23540063377093706,3.4729679091677916e-05
196,0.530096718437893,0.4628242456326098,0.8703679302752364,0.93985685341033,0.9553344829364148,0.9698000034373514,0.23660781650822393,3.472234329577362e-05
197,0.5153700360170921,0.4825405949130622,0.8743014440243696,0.9418868241485849,0.9566324996635478,0.9704370633876016,0.23781499924551078,3.4714910087739545e-05
198,0.5550424746347064,0.4359484001714798,0.8645026707846235,0.9376950579744043,0.9536242953090616,0.9684613511926641,0.23902218198279765,3.470737950968011e-05
199,0.5508841373672662,0.44240490539777577,0.8657852277400414,0.9380702803945198,0.9536629140153369,0.9684082670918336,0.2402293647200845,3.46997516042513e-05
200,0.5251928725150554,0.46866613623184494,0.8716694820625877,0.9388734598829941,0.9542856052146859,0.9696137658544965,0.24143654745737136,3.4692026414660416e-05
201,0.5068319961544997,0.48591913275110327,0.8758481387721126,0.9424726132792662,0.9570289083112827,0.9710983707335327,0.2426437301946582,3.46842039846658e-05
202,0.5263454299560627,0.4668852811525642,0.8715312610064724,0.9398642141342911,0.9549785764532839,0.9697693663803513,0.24385091293194508,3.467628435857657e-05
203,0.4823438260489385,0.4931828866948754,0.8813364572050255,0.9452056363298007,0.9593050498881037,0.9727020694854678,0.24505809566923192,3.466826758125246e-05
204,0.5398675168771467,0.4675762949630767,0.8657239564033113,0.9354119948197416,0.9516232240614602,0.9689174940690625,0.2462652784065188,3.466015369810344e-05
205,0.5249856400424585,0.46498419332368857,0.8707343707343708,0.9391686664413937,0.9547650002195457,0.9701646974374247,0.24747246114380564,3.465194275508957e-05
206,0.5430928787819331,0.4540268589311888,0.8660198325152484,0.937416505721505,0.953486530225883,0.9691157049398078,0.2486796438810925,3.464363479872067e-05
207,0.5142260627999553,0.46445268418507174,0.8742593258851586,0.9414312748899427,0.956487632448135,0.970960898514405,0.24988682661837935,3.463522987605609e-05
208,0.4968095524075157,0.488881446751507,0.8785037186604807,0.9433021170695772,0.9577406728132234,0.9716200458415318,0.2510940093556662,3.462672803470442e-05
209,0.5315018182141961,0.4606804761458431,0.8703188266355113,0.93985132496034,0.9551579051862542,0.969466064177677,0.2523011920929531,3.461812932282325e-05
210,0.5390434357914176,0.4543353801814901,0.8684047756316029,0.9389396478983479,0.9542653476536102,0.969171060619366,0.2535083748302399,3.460943378911887e-05
211,0.5282696688843241,0.46277312478533117,0.8705775690945182,0.9397178958619636,0.9550704306000917,0.9698923499770957,0.2547155575675268,3.460064148284601e-05
212,0.47634242036283225,0.4978198161937345,0.8831363911384601,0.9462845014668074,0.9600335542928691,0.9731193467792268,0.25592274030481366,3.459175245380755e-05
213,0.518993596989907,0.4709928428209112,0.8723882698227111,0.9410093297382424,0.9561793409530173,0.9705647951513995,0.25712992304210047,3.4582766752354244e-05
214,0.5373224830495067,0.46293210888816005,0.8690490396649543,0.9385765523403841,0.9538863521588088,0.9689250300000286,0.25833710577938734,3.457368442938445e-05
215,0.5015033696331609,0.48027585462299416,0.8773025279853417,0.9430749997614208,0.957443194289368,0.9712158951014916,0.2595442885166742,3.45645055363438e-05
216,0.5368591175261679,0.46273940878176034,0.8687173790429945,0.9381426966753227,0.953954406769794,0.9692965754973846,0.2607514712539611,3.455523012522495e-05
217,0.5192273980397679,0.46905598126862497,0.8724245706623658,0.9409620789532703,0.9562297499129156,0.9702510414330501,0.2619586539912479,3.4545858248567276e-05
218,0.5598649270072031,0.44365772428080663,0.8627691972714276,0.9360200775253762,0.9524295199977845,0.9681905302151286,0.2631658367285348,3.4536389959456554e-05
219,0.5300879061380452,0.4565076852035095,0.869878403068307,0.9394018900237088,0.9547119407328254,0.9697481717526846,0.26437301946582165,3.452682531152469e-05
220,0.5065466099254834,0.48860839464574807,0.8758195707821763,0.9422989706372387,0.95673353721355,0.9708243781669303,0.2655802022031085,3.451716435894939e-05
221,0.5439452323244452,0.45226716247888654,0.8671339352710151,0.9380748177098747,0.9535802181562684,0.9684297751039135,0.26678738494039533,3.450740715645389e-05
222,0.5284261204506864,0.46461149210999403,0.8700776916446402,0.9393415253679113,0.9547376248445261,0.9699475851061901,0.2679945676776822,3.449755375930658e-05
223,0.5397790784020178,0.46016863583314754,0.8688325340304438,0.938461156552931,0.9539542339820369,0.9687560568318199,0.2692017504149691,3.448760422332077e-05
224,0.5349284210675821,0.4652329843275837,0.8696344221957203,0.9386174557266727,0.9540323173567102,0.969138767173907,0.27040893315225595,3.447755860485432e-05
225,0.5005868877012658,0.49101193551378347,0.877332890450433,0.9431477711249894,0.9576407322457886,0.9713958733622162,0.27161611588954276,3.4467416960809325e-05
226,0.5152609402475502,0.4700516671993182,0.8724716569739691,0.9405531520041546,0.9558788151870506,0.9710183251171334,0.27282329862682964,3.445717934863184e-05
227,0.5060006161624045,0.4822772370528923,0.8751158305395628,0.9418685768327469,0.9568657091023957,0.9716910638468431,0.2740304813641165,3.444684582631148e-05
228,0.5400253435857945,0.4539971444202773,0.8681487390235268,0.9378142183911445,0.9533413419564386,0.9685659952845176,0.2752376641014033,3.443641645238115e-05
229,0.5284213935388776,0.4537055420985056,0.8703595545935876,0.9399905711875342,0.9552866244469639,0.9696980107877831,0.2764448468386902,3.44258912859167e-05
230,0.514927346565013,0.46615296270081863,0.8737079724151097,0.9417338392154055,0.9566774047295201,0.970900326914358,0.27765202957597707,3.441527038653657e-05
231,0.5299671197897929,0.463596706400244,0.8705833065329607,0.9390106224907455,0.9542386419702426,0.9691269249745437,0.27885921231326394,3.440455381440146e-05
232,0.5257717412228854,0.4669401799894124,0.8715315022999256,0.9400568778271906,0.9550617448895845,0.9697221002805718,0.28006639505055075,3.4393741630214035e-05
233,0.5200715731402555,0.48490324912543403,0.8728606123555603,0.9406661218754058,0.9558050818332481,0.9703139677860345,0.2812735777878376,3.4382833895218506e-05
234,0.5673023743483494,0.44355623879067385,0.8621097255905437,0.9351223098516241,0.9513262168923177,0.9664702961788912,0.2824807605251245,3.437183067120031e-05
235,0.5465477951859572,0.45495787427090084,0.8659828247461836,0.9375218889534623,0.9535844443617396,0.9689732732896079,0.28368794326241137,3.4360732020485816e-05
236,0.4988261965150949,0.4833740044514762,0.877588591159351,0.943382397150653,0.9576568090481276,0.9713242458859784,0.2848951259996982,3.434953800594188e-05
237,0.5466925546640129,0.44892525742923145,0.866336600580257,0.9375522092820108,0.9533875530207634,0.9685307508494301,0.28610230873698506,3.433824869097556e-05
238,0.555659091581941,0.45086128739800546,0.8647242972535731,0.9366081370940478,0.9527306691013135,0.9680834605092512,0.2873094914742719,3.432686413953371e-05
239,0.5148256228490553,0.4732355273592387,0.8742583567620202,0.9417807074906563,0.9564956730516799,0.9704010959374896,0.2885166742115588,3.431538441610266e-05
240,0.5059388400902136,0.4859716013673416,0.8759954146260448,0.9423764340031632,0.9571901317101899,0.9711552870678901,0.2897238569488456,3.430380958570783e-05
241,0.5324279855005788,0.4571986531986532,0.8699223153259005,0.9391054856509086,0.9542272240924619,0.9689900801472181,0.2909310396861325,3.429213971391334e-05
242,0.5367002981614865,0.4528354153200807,0.8681096631512837,0.938589131615444,0.9543763798331744,0.9691432792997106,0.29213822242341936,3.428037486682167e-05
243,0.47554194781197817,0.5095149426198117,0.8830914259920046,0.9461365286924788,0.9601556706904499,0.9734418854553072,0.29334540516070623,3.426851511107329e-05
244,0.5043077475686948,0.48152155492693355,0.8759186414934489,0.9428851377330175,0.9574345681108924,0.9713352370030653,0.29455258789799305,3.4256560513846226e-05
245,0.5379256611927851,0.4576271186440678,0.867803424968609,0.9394266402561666,0.9550353603010492,0.9697071182404196,0.2957597706352799,3.424451114285578e-05
246,0.525729364477092,0.4576693360473525,0.8706574284797849,0.9402979945319302,0.9556683493455117,0.9702759618762505,0.2969669533725668,3.423236706635405e-05
247,0.49882406350879177,0.48448178238942363,0.8770035049405153,0.9438875440981078,0.9582957894897601,0.9720721529039845,0.2981741361098536,3.4220128353129585e-05
248,0.5201368017515847,0.4621771950735002,0.8724723369810081,0.9409931959282479,0.9560293544913746,0.9705175981855809,0.2993813188471405,3.420779507250699e-05
249,0.525453585510094,0.4674214939733418,0.8703818454191057,0.9391756996871183,0.9546689250411272,0.9701421000018141,0.30058850158442735,3.419536729434654e-05
250,0.531453842011794,0.463634916845707,0.870233354476562,0.9391933460828592,0.9546787739470911,0.9695356279300461,0.3017956843217142,3.4182845089043794e-05
251,0.4999132554886729,0.47912574645065187,0.8765741558860406,0.9438981242760172,0.9583606069338239,0.9719767333128503,0.30300286705900104,3.417022852752916e-05
252,0.5428292630464766,0.4489704278658028,0.8665887036338729,0.9383000558469888,0.9541730111073455,0.9694559930501525,0.3042100497962879,3.4157517681267515e-05
253,0.4890522610622733,0.48848379857474705,0.8790662560045965,0.9446350665576064,0.9589888321423561,0.9725895475877103,0.3054172325335748,3.4144712622257804e-05
254,0.515870159576244,0.46139735855209524,0.8729668610032347,0.9410406389252011,0.9560710298565853,0.9704268089044952,0.30662441527086165,3.413181342303264e-05
255,0.49822218398889845,0.4805382352147272,0.8779938333476521,0.9431379287302997,0.9575341027329916,0.9715007111696593,0.30783159800814847,3.411882015665787e-05
256,0.51692567689662,0.4749691804684569,0.8715230498974722,0.9389108299642465,0.954626343857734,0.9712407049939457,0.30903878074543534,3.410573289673216e-05
257,0.4810290111247371,0.49546168383507677,0.8786911899972901,0.9435458323950704,0.9585271879973589,0.974297638630734,0.3102459634827222,3.409255171738661e-05
258,0.5303498984802943,0.45201593751649166,0.8697121226149014,0.9399648564526397,0.9552086803225723,0.9698454619295735,0.3114531462200091,3.4079276693284316e-05
259,0.5248668121195643,0.4534610326642845,0.8713051577954823,0.9406592022232996,0.9558250907605563,0.9703124224574637,0.3126603289572959,3.406590789961993e-05
260,0.5115606459590477,0.4804066519253163,0.8752250339876452,0.941970567891812,0.95690509695423,0.9709266105373625,0.31386751169458277,3.405244541211926e-05
261,0.5262012951598166,0.4557729109079311,0.8714258572739276,0.9403877531341326,0.9557092242932389,0.9698095986419952,0.31507469443186964,3.4038889307038825e-05
262,0.5317784321427682,0.4547302827872099,0.8693088514973993,0.9396180696113101,0.9553816248749303,0.9700701535970426,0.31628187716915646,3.402523966116544e-05
263,0.4982402404131859,0.4741967429577465,0.8766365142639656,0.9433352315706435,0.9581014192900974,0.9721331131759609,0.3174890599064433,3.401149655181574e-05
264,0.52033448252282,0.45597864343298844,0.8716239761777238,0.9412061793563823,0.956372926697237,0.9707367510547315,0.3186962426437302,3.3997660056835815e-05
265,0.5054979210233824,0.47739877430541766,0.8753447582897125,0.9422486307522963,0.956993640886209,0.9710923336448768,0.31990342538101707,3.3983730254600696e-05
266,0.5075650569242122,0.467439345181664,0.8751609599273019,0.9420238807736767,0.956691398893302,0.9714476895747604,0.3211106081183039,3.3969707224013936e-05
267,0.5418944451021354,0.46194494833977445,0.8660653252322815,0.9358146941674718,0.9519216448546737,0.9685508231529182,0.32231779085559076,3.39555910445072e-05
268,0.5281913950035596,0.46806895378211755,0.8703694337537611,0.9398120623990244,0.9551627491528303,0.9699284569821004,0.32352497359287763,3.394138179603975e-05
269,0.5274073272710813,0.4655614246116835,0.8700332318472347,0.9396560031523981,0.955195684344203,0.9704119203389782,0.3247321563301645,3.3927079559098054e-05
270,0.511691216572794,0.47134122787153837,0.8730763431481265,0.9412133519869755,0.9564699572658545,0.9716549890540275,0.3259393390674513,3.3912684414695263e-05
271,0.5079880402320426,0.4552817906309881,0.8738539068776082,0.9423342231754579,0.9571549603769013,0.9714595382616212,0.3271465218047382,3.3898196444370834e-05
272,0.4733649997388211,0.4858895870254014,0.8830796121099251,0.947143107929154,0.9609085496864899,0.97405956501662,0.32835370454202506,3.388361573018999e-05
273,0.528477995852774,0.45273612102938454,0.8689417363918847,0.9391905699547176,0.9549897536874311,0.9701949759646145,0.32956088727931193,3.386894235474331e-05
274,0.5474580973563572,0.46193972431241115,0.8658786063876603,0.9361997649756432,0.952104479877352,0.9679843749850843,0.33076807001659875,3.385417640114624e-05
275,0.5169837696613863,0.4712634526321377,0.8710742854960958,0.9406976078199278,0.9561083640390232,0.9717615838408522,0.3319752527538856,3.38393179530386e-05
276,0.5177840301851052,0.47212311624687153,0.8728189690635061,0.9412385096499374,0.9563607695516103,0.9705944392002879,0.3331824354911725,3.382436709458416e-05
277,0.4933450583538964,0.48297602350898283,0.8784673466368206,0.9437540270810761,0.958333134465132,0.9724406855702824,0.3343896182284593,3.380932391047013e-05
278,0.482716680130036,0.49048041032251133,0.8816004612126112,0.945032467191576,0.9590349278830322,0.9719998510985776,0.3355968009657462,3.379418848590667e-05
279,0.5322170615891959,0.4672120503830671,0.8689970136082813,0.9390583172489669,0.9547829541688673,0.9699498511579311,0.33680398370303305,3.377896090662646e-05
280,0.49544154993048384,0.4995261536841551,0.8780268022401702,0.9420904372760951,0.9565196224891395,0.9711864940688183,0.3380111664403199,3.3763641258884137e-05
281,0.5149097520267046,0.4736498895424663,0.8725054840247973,0.9414525512637101,0.9566332856461612,0.9711349546971865,0.33921834917760674,3.374822962945587e-05
282,0.5099172552788801,0.47788802645968365,0.8728028432137174,0.9402212979465361,0.9558711924142783,0.9720041201015325,0.3404255319148936,3.3732726105638847e-05
283,0.5532160002223416,0.45245559038662486,0.8651083032663223,0.9361459706070117,0.9523053389659875,0.9678291729369227,0.3416327146521805,3.3717130775250766e-05
284,0.5264052548216952,0.4607497080889557,0.8706213347147768,0.9392212589643563,0.9547415088453404,0.9698954090856619,0.34283989738946735,3.370144372662938e-05
285,0.5350027957585607,0.4630466595009,0.8682931625506292,0.93916009351174,0.9549805311153728,0.9698377863415202,0.34404708012675417,3.368566504863194e-05
286,0.5428539496625129,0.4591533531426135,0.8664519829767414,0.9364242948891093,0.9523528193459656,0.9681295890308979,0.34525426286404104,3.366979483063473e-05
287,0.5272452561347355,0.45331970596328475,0.8707126024443532,0.9405092879700038,0.9558489881980289,0.9700399759571808,0.3464614456013279,3.3653833162532554e-05
288,0.5315599120999632,0.4572654199031097,0.8663973831212082,0.9366849687871553,0.9530967607727732,0.9708921854334969,0.3476686283386148,3.3637780134738206e-05
289,0.5095729855834185,0.4615644877520639,0.8752375809110894,0.9423203163165608,0.9571047187957987,0.9711010014655593,0.3488758110759016,3.3621635838182e-05
290,0.5267619237535782,0.46955334296737244,0.8707910305343511,0.9398082061068702,0.9551812977099237,0.9699847328244274,0.35008299381318847,3.3605400364311224e-05
291,0.4930257070299402,0.4820068190293538,0.8786387323560335,0.9442889461224575,0.9586801009577233,0.9720857433981651,0.35129017655047534,3.35890738050896e-05
292,0.5323893777617302,0.46724793496787725,0.8685385417969276,0.9384646665591169,0.954410988404671,0.9700871630438622,0.35249735928776216,3.357265625299684e-05
293,0.5477034436142308,0.4556508366783089,0.8660674650717658,0.9375525653815495,0.9533443754445086,0.9685194820072458,0.35370454202504903,3.355614780102803e-05
294,0.5124834525582986,0.47477318282519254,0.8744870315461271,0.9416285840924374,0.9562715886164944,0.9698953429724277,0.3549117247623359,3.3539548542693173e-05
295,0.5498875601881132,0.44992228289027936,0.8649477592575633,0.9361768095368929,0.9524033031107855,0.9684141939127515,0.35611890749962277,3.352285857201662e-05
296,0.5053272939028032,0.4716037260157639,0.8759470483005367,0.9426719141323793,0.9573352415026833,0.9713144901610018,0.3573260902369096,3.3506077983536553e-05
297,0.5156838633547172,0.4650971440704958,0.8738016805824288,0.9416597541267625,0.9565240217523074,0.9705654664461018,0.35853327297419646,3.348920687230445e-05
298,0.5029739092297681,0.4763056478405316,0.8760010804176215,0.9427483648184717,0.9573626356845142,0.9714300167121136,0.35974045571148333,3.3472245333884536e-05
299,0.4948569671036996,0.47749361639550275,0.8773253322721238,0.9438179300498826,0.9585298050027627,0.9727139382036358,0.3609476384487702,3.345519346435327e-05
300,0.48004428825624895,0.5039383721395156,0.881669641238058,0.9457590883495424,0.9597344837130286,0.9729845290474054,0.362154821186057,3.3438051360298746e-05
301,0.5208910723182845,0.4687729512465448,0.8712858629772627,0.939790553439211,0.9553144417381947,0.9704061568931617,0.3633620039233439,3.3420819118820205e-05
302,0.5493138139938255,0.44442285773494977,0.8647112434449423,0.9376688568551946,0.953675842554552,0.9686187497315946,0.36456918666063076,3.340349683752746e-05
303,0.49173256803735593,0.47572907760995536,0.8788884965211831,0.9438455004437997,0.9581864340456397,0.9722486805310325,0.36577636939791763,3.3386084614540325e-05
304,0.5171655236164123,0.49239776878140123,0.8734980916030535,0.9394036259541985,0.9543559160305344,0.9694980916030534,0.36698355213520445,3.3368582548488096e-05
305,0.5082608508683438,0.47887043981818905,0.875388739434873,0.9421307690840058,0.9568523076336024,0.9708307099383741,0.3681907348724913,3.335099073850896e-05
306,0.5252881140110216,0.47304025987858134,0.8702464393921321,0.9387876040747191,0.9542190519359687,0.9694081160388387,0.3693979176097782,3.333330928424946e-05
307,0.5269788753117464,0.4645453711830436,0.8702791853221307,0.9400654941602155,0.9553223311034268,0.9699807297129882,0.37060510034706506,3.3315538285863896e-05
308,0.496260949338533,0.4845887633158492,0.8778696401968653,0.9432804968014636,0.9578411621046684,0.9721107477121613,0.3718122830843519,3.329767784401381e-05
309,0.5717748581606752,0.42474790189317546,0.8587093916238004,0.9339248685371246,0.9510723246302427,0.9679925609388187,0.37301946582163875,3.327972805986736e-05
310,0.5328132776888859,0.4663324068040058,0.8699168524570137,0.9383284213419663,0.9537076627065327,0.9691766179030632,0.3742266485589256,3.326168903509877e-05
311,0.4947656011436725,0.47336093668595247,0.8775903200564917,0.943554020268336,0.9581350077294501,0.972488882951314,0.37543383129621244,3.3243560871887786e-05
312,0.5386207959295986,0.44926756980053245,0.8680674217119895,0.9380450680199094,0.9534989777216789,0.9685006616425718,0.3766410140334993,3.3225343672919036e-05
313,0.524665274643724,0.47107514512012905,0.8717186475583885,0.9397157807440547,0.9548963451934575,0.9698049249274469,0.3778481967707862,3.3207037541381485e-05
314,0.48406853798608096,0.4840311992374713,0.8800378281453235,0.9455204089714925,0.9598920504591577,0.9733657029269098,0.37905537950807305,3.318864258096786e-05
315,0.5280069332149991,0.47822561348469944,0.8708458342123324,0.9384703792407929,0.9539935833859142,0.9696628366168922,0.38026256224535987,3.3170158895874034e-05
316,0.5077906667081132,0.4711397520039088,0.8753203956343142,0.9425851023309051,0.957211849173248,0.9710338480983415,0.38146974498264674,3.315158659079845e-05
317,0.5256123459549051,0.4628897557399796,0.8708612684982971,0.9400427999816735,0.9556775836527742,0.9703025015653873,0.3826769277199336,3.313292577094154e-05
318,0.5130040055985601,0.4709339347306978,0.8729865318676453,0.9412834090893909,0.9563185132662965,0.9709346767428745,0.3838841104572205,3.3114176542005104e-05
319,0.5054812225750274,0.47006512698454217,0.8752755325211906,0.9431875568606524,0.9578173910304081,0.9716291000527915,0.3850912931945073,3.3095339010191725e-05
320,0.5308630687565,0.47008626041928114,0.8693848341141783,0.9394958063377258,0.9551502371160581,0.9700203242335473,0.38629847593179417,3.307641328220417e-05
321,0.48285217840109196,0.4963856384040896,0.8818309490962033,0.9447055433751791,0.9587915285640958,0.9725674388961717,0.38750565866908104,3.305739946524478e-05
322,0.5328112773871246,0.46683049877776045,0.8693693736690336,0.9389275524726505,0.9542954122643157,0.9690275581043506,0.3887128414063679,3.3038297667014875e-05
323,0.5289290741941598,0.4696110587329199,0.8707153527129379,0.9394329294192323,0.9547908921267771,0.9693050736638142,0.38992002414365473,3.301910799571411e-05
324,0.4916384402616325,0.4852528731133983,0.8787304260330062,0.9443055424290765,0.9587456241091894,0.972382842593945,0.3911272068809416,3.2999830560039907e-05
325,0.5554284216370833,0.45267484092957205,0.8652561736112835,0.9348413672518482,0.9508544846845575,0.9664810654287312,0.3923343896182285,3.29804654691868e-05
326,0.4871034596695746,0.4985300406243318,0.8801096885859371,0.9443752158754573,0.9587312915888243,0.9727677285035752,0.3935415723555153,3.296101283284586e-05
327,0.5190267192170761,0.47382284718308937,0.8733289634253972,0.9408726648900796,0.9557608839808526,0.9697436352481735,0.39474875509280216,3.294147276120403e-05
328,0.5320670608121809,0.46691113652195626,0.8695047903957267,0.938845016833442,0.954218955973414,0.9688473936562694,0.39595593783008903,3.292184536494351e-05
329,0.5452943986133832,0.4525991898628999,0.8655553625324295,0.9369794341283129,0.9531096980121375,0.9690309242138179,0.3971631205673759,3.2902130755241166e-05
330,0.5108315002635925,0.46428860418071477,0.8741569817369897,0.9414868036869526,0.9563538863762142,0.9709337608060915,0.3983703033046627,3.288232904376784e-05
331,0.5326522504268755,0.46245562691380104,0.8694144558712895,0.9380974112022119,0.9538530277744893,0.9691885709484875,0.3995774860419496,3.286244034268779e-05
332,0.5439027163408087,0.45129008282013167,0.8660372424692414,0.9371666940246375,0.9534822243175459,0.9691640676594429,0.40078466877923646,3.284246476465798e-05
333,0.5030003041293633,0.47910361432818155,0.8752630243556261,0.9418074709409356,0.9567142511031285,0.971278598831342,0.40199185151652334,3.2822402422827495e-05
334,0.4854056306657733,0.4962907524848676,0.8806440622646965,0.945368082614957,0.9593643740653472,0.9726000597414322,0.40319903425381015,3.2802253430836886e-05
335,0.5219485374911834,0.47295769155780853,0.871862392422497,0.940896201608616,0.9560555981342574,0.9702996851297039,0.404406216991097,3.2782017902817506e-05
336,0.512417684306952,0.4792103831506956,0.8743255745565334,0.9418936711181213,0.9568052642181916,0.9711067594830113,0.4056133997283839,3.276169595339089e-05
337,0.5127556654934102,0.46536445165925966,0.8733794757790357,0.9418206021436375,0.956885652296809,0.9712402310178077,0.40682058246567077,3.27412876976681e-05
338,0.49738785230563176,0.48349134568341995,0.8770937088556873,0.9427557387371917,0.9570982883965883,0.9709485374091248,0.4080277652029576,3.272079325124907e-05
339,0.48586149120463695,0.4831591483895141,0.8799045434526954,0.9452347675061786,0.9595121704231824,0.9729068486633504,0.40923494794024445,3.270021273022193e-05
340,0.514847869721386,0.47403497195645,0.8735977879684503,0.9418415582754022,0.9566377655120526,0.9707331651013068,0.4104421306775313,3.2679546251162396e-05
341,0.4839372197419074,0.4907799174871815,0.8790907303815757,0.9447494937580994,0.9594119005494705,0.9737135920940378,0.41164931341481814,3.265879393113307e-05
342,0.5356466092884045,0.4626165741158966,0.869161125827309,0.9388478362099896,0.9544951411101018,0.9692111269723734,0.412856496152105,3.263795588768277e-05
343,0.5040263739714891,0.4755325656232547,0.8754530317322712,0.9423556504370874,0.9571419569443225,0.971503397021925,0.4140636788893919,3.2617032238845914e-05
344,0.5199055518034679,0.4651036922630127,0.8707192393789407,0.9404781564867096,0.9560246858190183,0.9710729167163852,0.41527086162667876,3.2596023103141813e-05
345,0.48153734314689095,0.5002040950687998,0.8811350257278738,0.9449097781203704,0.9591897749491604,0.9728135605524401,0.41647804436396557,3.2574928599574e-05
346,0.4639149473601752,0.5098816895328288,0.8853642541517155,0.9471228422868347,0.9607046342089713,0.9739513678681989,0.41768522710125244,3.255374884762956e-05
347,0.5022644607198812,0.4850097805692691,0.8772881854059955,0.9421379170833365,0.9564863090557943,0.9699787784639577,0.4188924098385393,3.253248396727847e-05
348,0.48621858915467503,0.4805325500115594,0.8806359617308177,0.9450653599761772,0.9591108828941641,0.9723508593767896,0.4200995925758262,3.2511134078972894e-05
349,0.5543920147222313,0.4673617998642794,0.8640205290938616,0.9354398948342179,0.9515231186198614,0.9677132647693675,0.421306775313113,3.248969930364652e-05
350,0.5170536936397713,0.4713708046906591,0.8738866261601121,0.9409208405269032,0.9559267066645046,0.9703278360152233,0.4225139580503999,3.246817976271385e-05
351,0.5097493692578211,0.4793641723591595,0.8744383065174097,0.9419684392435878,0.9569749233501312,0.9714327155858073,0.42372114078768675,3.244657557806956e-05
352,0.5017320034541222,0.46811077598025774,0.8759247040040029,0.9426399433933617,0.9572614151468593,0.9716632592551567,0.4249283235249736,3.242488687208776e-05
353,0.5002924602256779,0.48508187257268814,0.8771284101823792,0.9430119784834129,0.9575960159560349,0.9711928262766643,0.42613550626226043,3.240311376762132e-05
354,0.5056126249903402,0.4775374817566671,0.8754919236276941,0.9425471364201412,0.957359463680414,0.9712835855639437,0.4273426889995473,3.2381256388001176e-05
355,0.5271420577000191,0.4637086702162624,0.8706878034110925,0.9403531382910169,0.9554524494851857,0.9699273961421145,0.4285498717368342,3.235931485703564e-05
356,0.5046784515912254,0.4806336147024255,0.8762331872803121,0.9428045425002839,0.9574400668834397,0.9712662711050751,0.42975705447412105,3.233728929900968e-05
357,0.5060206458608268,0.4951858750688669,0.8761310970460512,0.9418761873954543,0.9562189225629707,0.9701704315034442,0.43096423721140786,3.231517983868421e-05
358,0.5028067639855401,0.4758966809421842,0.8756186719414205,0.9426599529966766,0.95764166597488,0.9720871250397181,0.43217141994869473,3.2292986601295434e-05
359,0.47832687703059634,0.4986563835218875,0.8815415871852009,0.9456337226731741,0.9596892919132263,0.973137651396678,0.4333786026859816,3.227070971255406e-05
360,0.5172048576235738,0.4740133850321347,0.8724345773076637,0.9400359583844684,0.9553115916165813,0.9704650732241731,0.4345857854232684,3.224834929864465e-05
361,0.5340487136915324,0.473793481667189,0.8692983469346649,0.9390608160417118,0.954478416218884,0.9694053565922627,0.4357929681605553,3.222590548622489e-05
362,0.5404995723315277,0.448884650575394,0.867273421467093,0.9388851238486136,0.9546566124182695,0.9691605020760751,0.43700015089784217,3.220337840242485e-05
363,0.5305299122522885,0.4570623625903448,0.8691929662537793,0.9393892268927927,0.9550416115296805,0.9700328293645833,0.43820733363512904,3.2180768174846284e-05
364,0.5062848679231842,0.47325227963525834,0.8750799478405968,0.9426924332590654,0.9575527082987291,0.9716082546264742,0.43941451637241585,3.215807493156191e-05
365,0.4975757023535312,0.4855560005339741,0.8776102768933065,0.9433112504425006,0.9579197363411611,0.971811633545511,0.4406216991097027,3.213529880111467e-05
366,0.5314114943755621,0.4638096359378884,0.8697908211886887,0.9396421825793182,0.9550121366871714,0.9697108011741361,0.4418288818469896,3.211243991251702e-05
367,0.5129459206469849,0.4725316739396976,0.8742449591569311,0.9418061426372244,0.9566411622165107,0.9706954917536035,0.44303606458427647,3.208949839525017e-05
368,0.4913737979152438,0.4832579308102836,0.8765874954206863,0.9422090609354011,0.9573045777872756,0.9726624511539871,0.4442432473215633,3.20664743792634e-05
369,0.5235984453786875,0.46413024434291567,0.8715591427606253,0.9399315979624437,0.9552237666543884,0.9700512061012174,0.44545043005885016,3.204336799497325e-05
370,0.5049612927952624,0.4851305545257137,0.8755935205117635,0.9420802225988183,0.9569688086841021,0.9716092993786165,0.446657612796137,3.202017937326287e-05
371,0.5013251974959945,0.4778014055652084,0.8758336903963256,0.9438420232445622,0.9585628795086559,0.9724344189002587,0.4478647955334239,3.19969086454812e-05
372,0.520409214231892,0.45900029592962255,0.8719510041870155,0.9401238638890665,0.955502341655508,0.9704761477547881,0.4490719782707107,3.197355594344228e-05
373,0.49190961046632886,0.49348298334540186,0.8789661254423774,0.9433690162138224,0.9578104658753822,0.9719445897295914,0.4502791610079976,3.195012139942447e-05
374,0.5136914996492423,0.47958724733034347,0.8727311065483051,0.9410965491447283,0.9563624428483104,0.9706570440650022,0.45148634374528446,3.192660514616972e-05
375,0.5088288831117209,0.4798477564102564,0.8752360623090041,0.9421547195293632,0.9569202977341833,0.9712662096118849,0.4526935264825713,3.1903007316882807e-05
376,0.546209915066681,0.44216371594695236,0.8650018800903206,0.9379532019751446,0.954084758670843,0.9693516646911403,0.45390070921985815,3.1879328045230585e-05
377,0.5176740945625187,0.47496094826794083,0.8732999666842632,0.9403638765771278,0.955409416039093,0.9696903163849466,0.455107891957145,3.1855567465341236e-05
378,0.5170059602975987,0.46097468238255696,0.8724281681322855,0.9414083302633914,0.9565076723096334,0.970909358137191,0.4563150746944319,3.183172571180349e-05
379,0.5120830261826551,0.4856222501571339,0.874378403752285,0.9406864559759108,0.9554530639972216,0.9699277173726372,0.4575222574317187,3.180780291966588e-05
380,0.5017629025658015,0.47345260994440197,0.8758885345882066,0.9435078057465408,0.9581632594645034,0.9720296467615837,0.4587294401690056,3.1783799224435985e-05
381,0.5088130325400103,0.478062519834973,0.8748232519354032,0.942368204621306,0.9571711531892888,0.9712222665351273,0.45993662290629245,3.1759714762079614e-05
382,0.5072816742295401,0.4842686681554501,0.8756410354321238,0.9418562247738477,0.9566702051695236,0.9708865858920654,0.4611438056435793,3.1735549669020105e-05
383,0.5514835073254396,0.43967443345036705,0.862910520390054,0.9361067114478179,0.9528089994847623,0.9692183653607618,0.46235098838086613,3.171130408213751e-05
384,0.4898949427491158,0.48315838737714784,0.879261920781024,0.9446917751024713,0.9590095957933111,0.9726861063792224,0.463558171118153,3.168697813876782e-05
385,0.5266321349144639,0.4698355865046665,0.8708815519300326,0.9403831522958305,0.9556756426521111,0.9702216456514248,0.4647653538554399,3.1662571976702204e-05
386,0.515972798495442,0.473384605271807,0.8721490955949028,0.9410385147711545,0.9562707010929222,0.9712308499976137,0.46597253659272675,3.163808573418621e-05
387,0.5214176954293738,0.47930201132997247,0.8717709879223711,0.9398981680751667,0.9552025424578047,0.9700211394295695,0.46717971933001357,3.161351954991899e-05
388,0.519311175087925,0.4708949200089982,0.8726943890357617,0.9403428233295476,0.9551810034645007,0.969868387146034,0.46838690206730044,3.1588873563052525e-05
389,0.5298788499051067,0.46188531676886446,0.869293863353326,0.9390801471535521,0.954780343262858,0.9699222720050387,0.4695940848045873,3.156414791319083e-05
390,0.5015467793300388,0.5024257045147266,0.8776703477107215,0.9424735852478262,0.9568306115241814,0.9701930877819244,0.4708012675418741,3.1539342740389154e-05
391,0.5008709186880639,0.47352145859548606,0.8762885810936538,0.9433315361823742,0.9579581184306578,0.9719921179821652,0.472008450279161,3.151445818515319e-05
392,0.5213423680081062,0.4700591277662403,0.8715404948898283,0.9402171942246949,0.9556736742659198,0.9704564323272037,0.47321563301644787,3.14894943884383e-05
393,0.5072972283619402,0.4692374292374292,0.8745793487817941,0.9418634956366834,0.9571172038114223,0.9716348618545599,0.47442281575373474,3.146445149164866e-05
394,0.5192548115582144,0.46959118714223963,0.8720908924317391,0.9402220389713518,0.9554127725856698,0.9703668071590007,0.47562999849102156,3.143932963663655e-05
395,0.5129365774177611,0.48101150502368684,0.8738275259545124,0.9413154612454921,0.9559687028517279,0.9703976844919939,0.4768371812283084,3.1414128965701455e-05
396,0.5139845466579002,0.47323438563426,0.8729343783019166,0.941103592962402,0.9563848744901865,0.9712080039172004,0.4780443639655953,3.138884962158933e-05
397,0.49477285815970723,0.48834252912729514,0.8775884005295393,0.9436214270647312,0.958125537485337,0.9722001368708498,0.47925154670288217,3.136349174749176e-05
398,0.5278888944076996,0.4701936835650041,0.8696572606635161,0.9400662122017992,0.9556156713033033,0.9703725701582924,0.480458729440169,3.1338055487045125e-05
399,0.5291796366589828,0.4498027823676776,0.8689207422636309,0.9394611875721547,0.9553134987667454,0.97048114595757,0.48166591217745586,3.1312540984329864e-05
400,0.5363577880271174,0.4496014450072643,0.8676007957749503,0.9385869746716474,0.9545702195060279,0.9696889893944381,0.48287309491474273,3.128694838386956e-05
401,0.5157037479901478,0.4702905562674896,0.8728573105543291,0.9411046118225971,0.9561875421714113,0.9707971029015839,0.4840802776520296,3.126127783063021e-05
402,0.5186121348744882,0.4742062450800315,0.871559125266114,0.940098458614079,0.9555638468519103,0.9705883756237159,0.4852874603893164,3.123552947001933e-05
403,0.5059682980135295,0.47480809677548996,0.8748044819092682,0.9413049681397366,0.9563346907068426,0.9714064037363876,0.4864946431266033,3.120970344788521e-05
404,0.5440876852232295,0.4569692217212311,0.866415463142182,0.9371208563825929,0.9533450536193542,0.9686520525771267,0.48770182586389016,3.118379991051598e-05
405,0.5117664489430337,0.464630117565236,0.8732146061538579,0.9418441720086898,0.9570369620910442,0.9713878824207669,0.48890900860117703,3.115781900463891e-05
406,0.5222573281617705,0.46716506212015274,0.8714793403099192,0.9395602193368363,0.9548471875757477,0.9699366152424977,0.49011619133846385,3.113176087741947e-05
407,0.5220090375004054,0.47418611427511853,0.869983259237484,0.9383111491187716,0.9542692762149461,0.9709823601611847,0.4913233740757507,3.110562567646057e-05
408,0.5286593812352152,0.4986175602915691,0.8723209148274917,0.9369357592089155,0.9516230764166076,0.9660851982721028,0.4925305568130376,3.107941354980166e-05
409,0.5364274425081623,0.45791452366655355,0.8682933348607214,0.9391393168757279,0.9548227275330775,0.9695992515798919,0.4937377395503244,3.1053124645917966e-05
410,0.5595266674255838,0.4522332663904212,0.8630113329529603,0.9353827042230944,0.9516865853635266,0.9673645684451967,0.4949449222876113,3.1026759113719574e-05
411,0.5356899786505558,0.46950808402628136,0.8671073739742199,0.9364753531241262,0.9527504125070023,0.969592340968888,0.49615210502489815,3.100031710255065e-05
412,0.5398735546436008,0.45911230486929233,0.8682205596991431,0.9383823408757439,0.9540452926237781,0.9688448644636646,0.497359287762185,3.0973798762188536e-05
413,0.5220535520615786,0.45755272454769297,0.8710889327535059,0.9398807637534028,0.9553828121122341,0.9706653252748008,0.49856647049947184,3.094720424284295e-05
414,0.4973731598138811,0.48407498224598355,0.8775097297059997,0.9436450084079167,0.9584337797832074,0.9720677748701593,0.4997736532367587,3.0920533695155115e-05
415,0.4836473364866086,0.48029479901914296,0.880862487903295,0.944658648642974,0.958858796380246,0.9726084790505113,0.5009808359740455,3.089378727019691e-05
416,0.5329614220054265,0.46272046125185273,0.8670067673484264,0.9365321370337967,0.9528937975672657,0.9701742451491765,0.5021880187113325,3.086696511946999e-05
417,0.5227390945814292,0.4752529141552269,0.8718468401813494,0.9390690618731986,0.954089859386471,0.9688318928935227,0.5033952014486193,3.0840067394904974e-05
418,0.5110484999137578,0.469263098149975,0.8742643767993962,0.941542349089292,0.9567763218792257,0.9713652078734942,0.5046023841859062,3.081309424886054e-05
419,0.4988151415933523,0.4809557957974211,0.8766626394956684,0.9430260277397646,0.9579933618479943,0.9722526009607952,0.505809566923193,3.0786045834122596e-05
420,0.5243197679080415,0.47477204455432387,0.8720038716993668,0.940076479426347,0.9552358624744893,0.9695256404626948,0.5070167496604798,3.0758922303903395e-05
421,0.5159353587516216,0.4654101724395646,0.8727745688458246,0.9411256146565223,0.9564556469197275,0.9710260958849861,0.5082239323977668,3.0731723811840665e-05
422,0.5183643557960608,0.4837374099287392,0.8719618076272101,0.9394218258222367,0.9547615888286737,0.9702607731072542,0.5094311151350536,3.070445051199675e-05
423,0.4931916224355912,0.4949538063308045,0.8781221374045801,0.9423759541984733,0.9571946564885496,0.97206393129771,0.5106382978723404,3.067710255885774e-05
424,0.4969669463469394,0.48611328226772965,0.8775921227163297,0.9438788421668833,0.9584343602667398,0.9720387370447581,0.5118454806096273,3.0649680107332584e-05
425,0.5282890525230547,0.47523480878003216,0.8699815219217202,0.9392370920696975,0.9546933937052364,0.9699244460394301,0.5130526633469141,3.062218331275221e-05
426,0.5313014968658443,0.4650008579838699,0.8697069181069448,0.9388106849393508,0.95445062653293,0.9693480812727255,0.5142598460842009,3.059461233086867e-05
427,0.5111192819511899,0.47563516293452485,0.8741745934643168,0.9419097036982603,0.9568770119209747,0.9709500800235156,0.5154670288214879,3.056696731785421e-05
428,0.4940784637046131,0.4882209806560363,0.8788429335466785,0.9433801585195171,0.9576387045774373,0.9716709851237586,0.5166742115587747,3.0539248430300454e-05
429,0.5165277259521932,0.4672613174408967,0.8732546644069867,0.9407473357151582,0.9557396634909002,0.9703655566752168,0.5178813942960616,3.0511455825217462e-05
430,0.476116750431069,0.5060070015382168,0.8824686505797675,0.9457694380714801,0.9599261637086042,0.973515284780089,0.5190885770333484,3.048358966003284e-05
431,0.5360072001883223,0.4496931696905016,0.8672649214599732,0.9373893659637936,0.9532443267104798,0.9691279151323028,0.5202957597706352,3.0455650092590893e-05
432,0.5286414877033249,0.45810063383977717,0.8699438060041512,0.9392850763533411,0.9547811700921475,0.9695866593944651,0.5215029425079222,3.042763728115169e-05
433,0.5190604261443373,0.4718603751949974,0.8725007827953047,0.9403595894334089,0.9557758837949917,0.9704752522128287,0.522710125245209,3.039955138439017e-05
434,0.538197139362727,0.45156045947602674,0.8681635129180013,0.9388925029235526,0.9542886085415431,0.969168680881587,0.5239173079824958,3.037139256139529e-05
435,0.515652523641988,0.4670061588503479,0.8715346168351004,0.9401610662643988,0.9558390101155725,0.9712897235522415,0.5251244907197827,3.0343160971669053e-05
436,0.5576922922028397,0.4453405363688983,0.8626592767109479,0.935467396243418,0.9519544689121644,0.9681828422182086,0.5263316734570695,3.031485677512565e-05
437,0.5030166887146519,0.47387298497313296,0.8757007651649589,0.9425210372660141,0.957174614078272,0.9712652889881123,0.5275388561943565,3.0286480132090554e-05
438,0.507350507489038,0.4819182179963142,0.8736498151373484,0.9397257997983317,0.9552395575518685,0.9715067070003361,0.5287460389316433,3.025803120329959e-05
439,0.5386346965038373,0.4706693275214663,0.8682797598021901,0.9372487994882909,0.9528712039485617,0.9683341766351303,0.5299532216689301,3.0229510149898038e-05
440,0.4781514681739356,0.5034031979256698,0.8820535083869244,0.9449792950785261,0.959023338358491,0.9730101330076523,0.531160404406217,3.020091713343972e-05
441,0.4726617374685306,0.5041095521866046,0.8837830512615451,0.9462342605087408,0.9597620633645149,0.9730636870825945,0.5323675871435039,3.01722523158861e-05
442,0.49500788951101216,0.48935128194946326,0.8765558117504748,0.9434417651564946,0.9582359882737561,0.9727707305625487,0.5335747698807907,3.0143515859605316e-05
443,0.5082806494675404,0.47879163807211106,0.8749214900566799,0.9418940511894376,0.9567446007113144,0.9709727978557479,0.5347819526180776,3.0114707927371323e-05
444,0.532463244403103,0.4659572201060174,0.8705180424035152,0.9388551852933932,0.9542137132578297,0.9689420890118641,0.5359891353553644,3.0085828682362928e-05
445,0.533353360512171,0.4681942544459644,0.8682243079799309,0.9381684122169442,0.9542379671493161,0.9698487189759438,0.5371963180926512,3.005687828816289e-05
446,0.5336654579649207,0.4536487837387537,0.8689752756715394,0.9386113806523757,0.9544031593098599,0.9697102407552117,0.5384035008299382,3.002785690875696e-05
447,0.44672097643080966,0.5244025397171431,0.8909443377532749,0.9495101539025423,0.9622841412803195,0.974148496290838,0.539610683567225,2.9998764708533014e-05
448,0.5107143562795847,0.4787572425990207,0.8745996449771908,0.9421007424939398,0.9569172186062491,0.9707592907178714,0.5408178663045119,2.9969601852280057e-05
449,0.48961497044463187,0.48436191762322756,0.8780910429208888,0.9433058192087159,0.9582132812455249,0.9731064229537683,0.5420250490417987,2.994036850518732e-05
450,0.5220532871427777,0.4664506265598662,0.8710087472578268,0.9405618148148502,0.9558396708532659,0.970375456869687,0.5432322317790855,2.9911064832843313e-05
451,0.5303378270963169,0.4632479315720053,0.8698808537921086,0.9384528929783117,0.9542124786761872,0.9695761188561659,0.5444394145163725,2.9881691001234914e-05
452,0.5098176708832748,0.4662090188187951,0.8745554931686319,0.9422227060391816,0.957038008914964,0.971137135370712,0.5456465972536593,2.9852247176746398e-05
453,0.5026092053512372,0.4672761299530112,0.8755956795160692,0.9430820050145406,0.9577868066233167,0.9719199086044135,0.5468537799909461,2.9822733526158498e-05
454,0.5386609502728616,0.45224212590652435,0.8669834817648345,0.9377093657429196,0.9536509948840535,0.9694790211826342,0.548060962728233,2.979315021664748e-05
455,0.5029586627939862,0.48569365707562306,0.8753763730336478,0.9417278123681382,0.9566891774495034,0.9716448145963047,0.5492681454655198,2.976349741578418e-05
456,0.5276400568157416,0.4560631517188042,0.8695448822760754,0.9397535276133642,0.9554818677380036,0.9706938204365335,0.5504753282028066,2.973377529153306e-05
457,0.49269346278007703,0.49385034269082717,0.8778997858443497,0.9430359331040353,0.9577176199328903,0.9722676067628904,0.5516825109400936,2.9703984012251256e-05
458,0.5247923985196932,0.46753366903242005,0.8708781639907436,0.9401245318128683,0.9555779278097192,0.9700465205048071,0.5528896936773804,2.9674123746687608e-05
459,0.49506635503735624,0.4880673537372476,0.8771903207954047,0.9434810404381596,0.9581296158470258,0.9725186542241561,0.5540968764146673,2.964419466398174e-05
460,0.5421705152510148,0.4576442974501227,0.8661622354001975,0.9368471773635674,0.9529714850030294,0.9691053342175193,0.5553040591519541,2.961419693366309e-05
461,0.5102749230287048,0.48046327422186536,0.874434959225436,0.9409790094987935,0.9561215295806481,0.9710187532451666,0.556511241889241,2.9584130725649906e-05
462,0.5364997550027377,0.4535908219761499,0.868371896900096,0.9379866555494712,0.9537361217905299,0.969151690570545,0.5577184246265279,2.9553996210248347e-05
463,0.49652603950941604,0.4858947767972128,0.8749760217135909,0.9400242216481218,0.9556442261717867,0.9724590889873576,0.5589256073638147,2.9523793558151487e-05
464,0.5380841341542787,0.454384808123434,0.8672948694335201,0.938670066621686,0.9542561628161095,0.9692477122355436,0.5601327901011015,2.9493522940438345e-05
465,0.5120908212852645,0.4706892906226874,0.8732257966025364,0.941485159473168,0.9563667138642618,0.9711394975173556,0.5613399728383884,2.946318452857293e-05
466,0.5087441251926638,0.4652139144342263,0.8750050135509119,0.9427204195721388,0.9574860432292234,0.9712804704525183,0.5625471555756753,2.943277849440325e-05
467,0.5236310278726065,0.4717909381860502,0.8716484347114032,0.9398946739530862,0.9550445984611479,0.9694863685037326,0.5637543383129622,2.940230501016035e-05
468,0.5043002259004166,0.47451186481788415,0.8753430749439819,0.9421200600071,0.9567744656810538,0.971652180219797,0.564961521050249,2.9371764248457366e-05
469,0.516885142448124,0.464722335298675,0.8721270866373149,0.9414606031806011,0.9565706532007351,0.9708114101631905,0.5661687037875358,2.9341156382288486e-05
470,0.5217277476269867,0.47159964770680796,0.8709013752380771,0.9393825987751264,0.9550157285993193,0.9709409950785475,0.5673758865248227,2.9310481585028016e-05
471,0.5007838630009567,0.47918360709058383,0.8758865112833916,0.9419660839634763,0.9566046164448678,0.9717375907510744,0.5685830692621096,2.9279740030429387e-05
472,0.5174422296963607,0.47123584841705646,0.8730481536549939,0.9407436532188644,0.9557257022447784,0.9702086359359223,0.5697902519993964,2.9248931892624152e-05
473,0.4897330665980997,0.4737425986072684,0.8791425345865315,0.9447226254176293,0.9589914484401348,0.9724424289445632,0.5709974347366833,2.9218057346121047e-05
474,0.5024118214521449,0.4817950663631402,0.8763550591259492,0.9427318449986976,0.9575655738408824,0.9716598108618467,0.5722046174739701,2.9187116565804938e-05
475,0.5229682896298549,0.46121280702922185,0.8717434869739479,0.9402567038839584,0.9556016795495753,0.9701879950376945,0.5734118002112569,2.915610972693588e-05
476,0.5339062579783911,0.46770857571291913,0.8693841672456841,0.9384854431201277,0.9541628171552047,0.9690795149997328,0.5746189829485439,2.912503700514811e-05
477,0.5029180880822651,0.4731430407540299,0.8741929941777227,0.9422086475136012,0.9574429703159302,0.9723155483439916,0.5758261656858307,2.9093898576449052e-05
478,0.4940125591433916,0.4914798566154834,0.8782328460305933,0.943359764552519,0.9579540346815514,0.9720959616443533,0.5770333484231176,2.9062694617218305e-05
479,0.4895293675403722,0.49696969696969695,0.8789659067491967,0.9441185898659014,0.9584929745159246,0.9723416881005625,0.5782405311604044,2.9031425304206668e-05
480,0.5080794543443663,0.4684525768445995,0.8743868876988201,0.9424790921548345,0.9572023757266693,0.9716451067435673,0.5794477138976912,2.900009081453513e-05
481,0.4841957565782883,0.4790349282166798,0.8807331660022075,0.9455553742960693,0.9598615177524586,0.9730677023261316,0.5806548966349782,2.8968691325693856e-05
482,0.5084322033569583,0.48207833691155677,0.8753480271776285,0.9420183857649723,0.9567119117911035,0.9710282890239198,0.581862079372265,2.8937227015541193e-05
483,0.48352202404385264,0.48340373347867555,0.8804495025409778,0.9454374537732922,0.9595199580082552,0.9731033330947438,0.5830692621095518,2.8905698062302666e-05
484,0.5309948924988265,0.45468752051898254,0.8695061130105624,0.9399612308443739,0.9555089596434458,0.9699748916295257,0.5842764448468387,2.8874104644569955e-05
485,0.5215027337637865,0.46589592296114757,0.8714498339884746,0.9396252337518605,0.955190245391749,0.9705176888142579,0.5854836275841255,2.8842446941299904e-05
486,0.4976505127662452,0.49667143414380444,0.8772860377444904,0.9434147514376741,0.9580495912874136,0.9720327428063817,0.5866908103214125,2.8810725131813465e-05
487,0.4943697076853351,0.4917522523705708,0.87848678561206,0.9435063448144261,0.957847533632287,0.9717336132048469,0.5878979930586993,2.8778939395794745e-05
488,0.5471034308548198,0.45530910433590044,0.8653192644668873,0.9361451980307149,0.9522699359572018,0.9684853319947743,0.5891051757959861,2.8747089913289936e-05
489,0.48066651701414614,0.4945763820739287,0.8814725784155739,0.9461840427075616,0.9601735949349687,0.9732390386216272,0.590312358533273,2.871517686470632e-05
490,0.5123531430910714,0.46910704236411943,0.8735747765866001,0.9420026732330378,0.9571137860402282,0.9713929719348693,0.5915195412705598,2.8683200430811237e-05
491,0.4840825252360345,0.4829325820611937,0.8797953354182687,0.9448716505399016,0.9589029856299742,0.9727597280552285,0.5927267240078467,2.8651160792731066e-05
492,0.5547329865746834,0.45199362461635734,0.8643773899649861,0.9359711262168721,0.9521095631046188,0.9676649129520714,0.5939339067451336,2.8619058131950196e-05
493,0.4955696480695734,0.4720745036209615,0.8774890494231264,0.9441916613384993,0.9585147295994808,0.9724188607582857,0.5951410894824204,2.8586892630310007e-05
494,0.46774048462672413,0.4928219384123659,0.8846137696607876,0.9476723879614237,0.9611717934379109,0.9737741650427809,0.5963482722197072,2.8554664470007826e-05
495,0.5096622773552772,0.4858109901778604,0.8729646262124946,0.9392366924931475,0.9547545244044501,0.9709869493745641,0.5975554549569941,2.8522373833595907e-05
496,0.4939980128305792,0.4739269528125833,0.8769022364314851,0.9429698992951905,0.9578173910304081,0.9727269342645514,0.598762637694281,2.8490020903980387e-05
497,0.5124458083610243,0.4704582746547113,0.8740909077899293,0.9417999715692532,0.9566755488899129,0.9711074920742138,0.5999698204315679,2.8457605864420257e-05
498,0.5143972307559388,0.46729008427843094,0.8734561743003917,0.9426432415351524,0.9574101246898505,0.9711163660560259,0.6011770031688547,2.842512889852632e-05
499,0.4834425724642437,0.4914756418301003,0.8810884779592374,0.9453547115147883,0.9594903055761784,0.9728997005502318,0.6023841859061415,2.8392590190260154e-05
500,0.4917789204544912,0.4918394944369318,0.8788942991955815,0.9439064365891585,0.958131480952931,0.9716911880518028,0.6035913686434284,2.8359989923933076e-05
501,0.5266532487031087,0.45732897304710163,0.8703757407400341,0.9397897118697748,0.9552522427299681,0.9700346092059725,0.6047985513807153,2.8327328284205072e-05
502,0.49167008988030275,0.4803814496150875,0.8798065914607153,0.9443788258101941,0.9583206124349326,0.9716346227235952,0.6060057341180021,2.8294605456083795e-05
503,0.5036513100949727,0.49266329557184485,0.8766338941346362,0.9421748222580882,0.9568570820452275,0.9709800358299443,0.607212916855289,2.8261821624923468e-05
504,0.5108840041601617,0.47443065413643154,0.8742749108408886,0.9413932215204075,0.9562736026964962,0.9708551158471668,0.6084200995925758,2.8228976976423875e-05
505,0.525624559902845,0.4649143767423337,0.8708849499240724,0.9397514004365716,0.955049541428011,0.9697797766364515,0.6096272823298626,2.819607169662928e-05
506,0.49373665887125484,0.4784359282385711,0.8785912042328365,0.9442131453768702,0.9586275718240846,0.9723083498539381,0.6108344650671496,2.816310597192739e-05
507,0.5267444211599998,0.45982396178360757,0.8706899514296188,0.9398435590786901,0.9551602211632454,0.9696110551075269,0.6120416478044364,2.81300799890483e-05
508,0.4745257402812332,0.4921566491462186,0.8832669638264716,0.9462373594956108,0.9600666462452799,0.9733787184339278,0.6132488305417233,2.809699393506342e-05
509,0.5545358085536031,0.4442478587800072,0.863994991444035,0.9358927741463838,0.9521705810325757,0.9680570944840032,0.6144560132790101,2.8063847997384425e-05
510,0.5546467601822227,0.44667395686486344,0.8636938087536981,0.9355542203316811,0.9515374232577956,0.9674881477653415,0.6156631960162969,2.8030642363762213e-05
511,0.5215477085122624,0.4627749353868875,0.8717549384483252,0.940696631357954,0.9558326176161848,0.970423704551961,0.6168703787535839,2.7997377222285783e-05
512,0.49473672389305523,0.4859816870593955,0.8781652048667485,0.943899908464504,0.9580082105144601,0.9717509432737637,0.6180775614908707,2.7964052761381254e-05
513,0.5118177276050372,0.47135123688007097,0.8745810455956076,0.9421866793984245,0.9568355216042015,0.9707261876342803,0.6192847442281575,2.793066916981072e-05
514,0.5131344122346567,0.47839754957278735,0.8726553261426662,0.9411938187367752,0.9564112328644224,0.9712459210095566,0.6204919269654444,2.7897226636671226e-05
515,0.5182123214747958,0.47002091409236835,0.8732375531444411,0.940395124322889,0.9553066115457761,0.9693498301192747,0.6216991097027312,2.7863725351393682e-05
516,0.5264077821741966,0.452351403448549,0.8694323298330617,0.9406481086410986,0.9563091273375314,0.9707206626748107,0.6229062924400182,2.7830165503741787e-05
517,0.5205154491283922,0.4768616239613114,0.8723565603090571,0.9394887203701054,0.9545705155720895,0.9693537463633328,0.624113475177305,2.7796547283810965e-05
518,0.4996368120870175,0.4758466563520715,0.8755155716475198,0.9422769705286744,0.9571872739453327,0.9723008476274638,0.6253206579145918,2.7762870882027283e-05
519,0.5420445757979481,0.44492463795348086,0.8659088631515655,0.9367444035637762,0.9528252995662195,0.9693146841133269,0.6265278406518787,2.772913648914637e-05
520,0.5187704170274853,0.4623466901042707,0.8712684074083973,0.9400501681817661,0.9554537853305793,0.9708898552605958,0.6277350233891655,2.7695344296252337e-05
521,0.4980666027068675,0.4931148227655898,0.8775054616463106,0.9432351461831467,0.9576544650927072,0.9715832141108516,0.6289422061264524,2.7661494494756687e-05
522,0.5178894959409037,0.4727336879108242,0.8726901441378685,0.9408858204789328,0.9561393380440955,0.9704596094297943,0.6301493888637393,2.7627587276397256e-05
523,0.49511223693408424,0.4884134772652928,0.8777393926669593,0.9439066287481153,0.9583083618040578,0.9721899872120321,0.6313565716010261,2.7593622833237105e-05
524,0.540257415622784,0.47004057620842254,0.8664911696292132,0.9361863373838278,0.9525098526187588,0.9693354242806324,0.6325637543383129,2.7559601357663435e-05
525,0.5173886961231788,0.4774562266643303,0.8727794440233754,0.9393412358557386,0.9544901765753657,0.9694606137086936,0.6337709370755998,2.752552304238649e-05
526,0.4823436422855912,0.48379800034799836,0.8795750223032188,0.9444695173440325,0.9588466254156509,0.9734231505025976,0.6349781198128867,2.7491388080438497e-05
527,0.527867793298976,0.45013563534804163,0.8688625218253798,0.9393318880134871,0.9550299326312935,0.970494091276626,0.6361853025501736,2.745719666517253e-05
528,0.4825518977720599,0.49208914481278776,0.8790965963433934,0.9432981621514301,0.9581458480887483,0.9738258826044874,0.6373924852874604,2.742294899026145e-05
529,0.47622153448801813,0.49661272111403837,0.8816047685510698,0.9454007389804054,0.9595163523026595,0.9736357816869093,0.6385996680247472,2.7388645249696792e-05
530,0.47247456681578964,0.49767864900086883,0.8839141983642463,0.9464685022905516,0.9602404553986934,0.973049975843704,0.6398068507620341,2.735428563778765e-05
531,0.49194282340014045,0.4816269056838799,0.8789044797223227,0.9438510556490031,0.9583837011495788,0.972213184902917,0.641014033499321,2.731987034915962e-05
532,0.5098996508379388,0.4776219823990096,0.874176280898115,0.94077525268672,0.956140208562575,0.9713133410762531,0.6422212162366078,2.7285399578753657e-05
533,0.506590430629199,0.4787657913703306,0.8751724348468168,0.9414742296956179,0.9564472029779951,0.971277076802433,0.6434283989738947,2.7250873521824984e-05
534,0.502135569421353,0.4882071899654408,0.876317557636585,0.9409633011762101,0.9556487480100633,0.9706033373672899,0.6446355817111815,2.721629237394199e-05
535,0.5198855963583153,0.45537644452747605,0.8720817793831418,0.9409525973201578,0.9560843414321701,0.9703063863176654,0.6458427644484683,2.718165633098512e-05
536,0.5017925093424178,0.4815834491606971,0.8745580982724576,0.9416851885415574,0.9569879138804361,0.9723631368583721,0.6470499471857553,2.7146965589145774e-05
537,0.5254427481321363,0.4784836594558315,0.8709157330131053,0.9393530083897567,0.9545336091417705,0.9695385681571077,0.6482571299230421,2.7112220344925175e-05
538,0.5349089743114739,0.46543546805861,0.867364666979774,0.9374863970124976,0.9536906575636429,0.9698920543279456,0.649464312660329,2.707742079513326e-05
539,0.4729703311394367,0.4981663170715204,0.8836395867939704,0.947251065502525,0.9609625826617193,0.9736169457597913,0.6506714953976158,2.70425671368876e-05
540,0.5201521110012218,0.46918359473733223,0.8717829294597097,0.9398560752836977,0.9552630825467421,0.9702062475543297,0.6518786781349026,2.7007659567612228e-05
541,0.5150370697434814,0.4729574836731974,0.8728757446581156,0.9406114878660321,0.9557813328855526,0.9706544595528044,0.6530858608721896,2.6972698285036566e-05
542,0.5267150137695187,0.46125432150697354,0.8694087806070188,0.9397477644668849,0.9552244220358125,0.970362181662662,0.6542930436094764,2.6937683487194284e-05
543,0.4959875809813396,0.4889610651062288,0.8780776370469963,0.9428216479251971,0.9570591807736968,0.9711095535659721,0.6555002263467632,2.6902615372422182e-05
544,0.45859514081456854,0.5165255836523427,0.8864167008715075,0.9476532297324386,0.9613100294957093,0.9742728687202299,0.6567074090840501,2.6867494139359068e-05
545,0.5019521957517248,0.4799223054663654,0.8754443672716399,0.941843657239377,0.956931842826066,0.971615906174854,0.6579145918213369,2.6832319986944626e-05
546,0.5172597713397323,0.46396880881957514,0.8724987097038854,0.9405967703005794,0.9555661132464995,0.9702683338914282,0.6591217745586239,2.6797093114418304e-05
547,0.5018279111335083,0.48073686053244635,0.8748989851285119,0.9415063070489537,0.9569512065969986,0.9723779783286726,0.6603289572959107,2.6761813721318158e-05
548,0.5080953979928923,0.4825641432997061,0.8751018461098126,0.9422515861279397,0.9567895816438486,0.9714487430234222,0.6615361400331975,2.672648200747978e-05
549,0.4588477234822556,0.5086724617430909,0.8870773742360805,0.9486042777583675,0.9617548622606099,0.9739928481286955,0.6627433227704844,2.669109817303507e-05
550,0.48924857178949943,0.4932347682207574,0.8783806362236359,0.943295725888606,0.9578622855282466,0.9728489334055122,0.6639505055077712,2.6655662418411202e-05
551,0.5365946984688518,0.4583617657865729,0.8668224009221911,0.9364266431538477,0.9525449477498213,0.9694171130189829,0.665157688245058,2.6620174944329435e-05
552,0.496119489171467,0.49484453893170344,0.8771524461327996,0.9419800691835539,0.9565685262529263,0.9715166385874802,0.666364870982345,2.658463595180398e-05
553,0.48346505151473845,0.48158352280326333,0.8798125838724394,0.945095168374817,0.9593890364046951,0.9734089768087336,0.6675720537196318,2.6549045642140857e-05
554,0.48965414020442793,0.49393509766855703,0.8785029780085523,0.943837813072694,0.9583183796579108,0.9722825671960904,0.6687792364569186,2.65134042169368e-05
555,0.5171491493442529,0.4680713512942977,0.872889987733458,0.941093870070115,0.9562213323278269,0.9707311718127276,0.6699864191942055,2.6477711878078032e-05
556,0.5160021270371182,0.47050243326747376,0.8719632285865869,0.9408409256594541,0.9561989259419001,0.9714462379340222,0.6711936019314924,2.6441968827739222e-05
557,0.5050659842741994,0.4777249422203331,0.8756283733602153,0.942217334608695,0.9572324270246844,0.9717129367111325,0.6724007846687793,2.6406175268382243e-05
558,0.47703975694543843,0.5045741580310881,0.8817759096583556,0.944557702365818,0.9589322323136302,0.9731301944345822,0.6736079674060661,2.6370331402755102e-05
559,0.49811032273871514,0.4802231981951916,0.8760957399501108,0.94309500134552,0.9579491603382695,0.9722364832497075,0.6748151501433529,2.6334437433890734e-05
560,0.5150414344811052,0.4626790411164261,0.8726784526231087,0.9403406352045711,0.955424190387646,0.9705316089348254,0.6760223328806398,2.6298493565105905e-05
561,0.511324757045009,0.4653140914490122,0.8728119438307862,0.9402407660999804,0.9554702000658457,0.9707406682857702,0.6772295156179267,2.6262499999999998e-05
562,0.5346484438353258,0.44943466512762664,0.8678922714393383,0.9389690800332001,0.9545750293362845,0.9698718743739208,0.6784366983552135,2.622645694245393e-05
563,0.49899871641730126,0.4933625964352221,0.8764093656267099,0.9411769199697094,0.9563919094033466,0.9719669095704604,0.6796438810925004,2.619036459662893e-05
564,0.5225212985573529,0.47286212802122096,0.871104987505236,0.9402751233494173,0.9557697757430783,0.9704505271273302,0.6808510638297872,2.6154223166965445e-05
565,0.5108875313318544,0.47604563730353505,0.8743018333529092,0.9424134865408653,0.9572376808023628,0.9711002695742103,0.6820582465670741,2.6118032858181927e-05
566,0.4966425946781864,0.4870232631745529,0.8779238307779096,0.9443177577051681,0.958852316776453,0.9722567177115061,0.683265429304361,2.60817938752737e-05
567,0.5043690680391009,0.46428764750460105,0.875304865248606,0.9421881977549704,0.9571051255529559,0.9716957187186308,0.6844726120416478,2.604550642351181e-05
568,0.524007588266884,0.46307005837074183,0.8711246125208826,0.9400584474502467,0.9555929134136231,0.9705043597065606,0.6856797947789347,2.6009170708441843e-05
569,0.4433590878911601,0.5353277229974713,0.8899124778903821,0.9494454578516467,0.9625790242845457,0.9755045001961588,0.6868869775162215,2.597278693588275e-05
570,0.49863681540132954,0.48384345809959095,0.8768676377937723,0.9432606578972489,0.9580051165543443,0.9718083583115371,0.6880941602535083,2.5936355311925725e-05
571,0.46203846766378054,0.49910677107818774,0.8846647221416245,0.9471217720629782,0.9609516973871081,0.9748503428370722,0.6893013429907953,2.5899876042932993e-05
572,0.49949375335540447,0.48707618667730357,0.8765974707706992,0.9427964686232403,0.9574163684084944,0.9713939393939394,0.6905085257280821,2.5863349335536653e-05
573,0.513992412469834,0.47294586533639504,0.8734790586982432,0.9411710257998211,0.9561173067876135,0.9705435262840986,0.6917157084653689,2.5826775396637536e-05
574,0.5357043192405394,0.4755238415913388,0.8698757417176257,0.9380273866437856,0.9530502406615401,0.9673066809705108,0.6929228912026558,2.5790154433403977e-05
575,0.496414378987631,0.49181730943797497,0.877669076501439,0.9430848302555137,0.95748372025559,0.9712594758418517,0.6941300739399426,2.575348665327071e-05
576,0.5351412472962703,0.4586953972824034,0.86693044286535,0.9383246584938035,0.95430678584312,0.9701524443197456,0.6953372566772296,2.5716772263937626e-05
577,0.48126326307497913,0.49243690788949923,0.8808631352077804,0.9454856447981185,0.9597353744360099,0.9731594616238526,0.6965444394145164,2.5680011473368647e-05
578,0.4868145801178739,0.48495525801433337,0.8794069598576979,0.945176822625505,0.9595645768506964,0.9731283459477214,0.6977516221518032,2.564320448979052e-05
579,0.501094093743765,0.4823235313466219,0.8761807661722604,0.9427065284734693,0.9577630572810613,0.9719575492186776,0.6989588048890901,2.5606351521691653e-05
580,0.5415223584641324,0.4528728796028134,0.8676271734742858,0.9377041546150037,0.9533274995491063,0.968010886337589,0.7001659876263769,2.556945277782092e-05
581,0.4969640702277277,0.48712420326375505,0.8782741342558519,0.9432255884349163,0.957502479555007,0.9713421671358491,0.7013731703636638,2.5532508467186496e-05
582,0.5021034149758071,0.497856235443574,0.8755583199934366,0.941026526519842,0.9562082512110845,0.9713565864110495,0.7025803531009507,2.5495518799054646e-05
583,0.49579596965889017,0.4769143550258412,0.8780181019312036,0.94445165501735,0.9589146857738365,0.9721466172445516,0.7037875358382375,2.5458483982948576e-05
584,0.5312400181449761,0.45626713182157985,0.8696740371361698,0.9392289452884869,0.9546278937461101,0.9694445611127869,0.7049947185755243,2.5421404228647218e-05
585,0.5055030381588288,0.47289517869992803,0.8754611014528154,0.9430142533543759,0.9577828581897152,0.9716268747006299,0.7062019013128112,2.538427974618405e-05
586,0.4922582801516435,0.475957609292729,0.8780770684658472,0.9448075006586559,0.9591156065170658,0.9725789146114694,0.7074090840500981,2.5347110745845897e-05
587,0.5248869873522709,0.46208729156978673,0.8710172206112831,0.9402031883233527,0.955268598393812,0.969899723011784,0.708616266787385,2.5309897438171778e-05
588,0.5124851441066427,0.4731609279544275,0.8736261059685768,0.9408519933940376,0.9559694841981292,0.971028709573583,0.7098234495246718,2.527264003395166e-05
589,0.4868280206822475,0.4792081574125707,0.879264495393309,0.945072048476006,0.9595543125483992,0.9733815470728486,0.7110306322619586,2.5235338744225288e-05
590,0.5008346032965821,0.47909205884310724,0.8756966962351915,0.9422654905438311,0.9572393885968521,0.9720853780415283,0.7122378149992455,2.5197993780281017e-05
591,0.4942279323476573,0.48019518940552325,0.877493506208151,0.9432768834384664,0.9579429654489194,0.9721208786274718,0.7134449977365324,2.5160605353654553e-05
592,0.5067837328731176,0.47499329578975596,0.874999164949644,0.9426830979127558,0.957430564369976,0.9714660907523184,0.7146521804738192,2.5123173676127828e-05
593,0.5212565242113438,0.4701591154261057,0.8714174998950113,0.9401192289631318,0.9552022845536836,0.9700104606903293,0.7158593632111061,2.508569895972773e-05
594,0.5045942617861418,0.4837884073979283,0.8748403892879024,0.9406276780721126,0.9556697351368787,0.9711717764362101,0.7170665459483929,2.5048181416724957e-05
595,0.5126045565985813,0.4921936246827622,0.874351814918229,0.9402868141452736,0.9549357492800065,0.9695121602097858,0.7182737286856798,2.5010621259632784e-05
596,0.5385274663697202,0.4517489193561219,0.8677908181041518,0.9389111353993156,0.9549066680666854,0.9696498203044086,0.7194809114229667,2.4973018701205863e-05
597,0.4723456089869556,0.51145259878279,0.8835251066979812,0.9463533806613844,0.9602684763509195,0.9733994348870442,0.7206880941602535,2.493537395443904e-05
598,0.47770462318840223,0.500897448008745,0.8821968869196612,0.9453612507288379,0.9594494136373569,0.9731215067072175,0.7218952768975404,2.489768723256611e-05
599,0.4806348222799538,0.49297292927115194,0.8818850664238412,0.9456811617442964,0.9597600762074936,0.9729369856423707,0.7231024596348272,2.4859958749058656e-05
600,0.5380820581490702,0.4716754868479366,0.8688287796323116,0.9370326207226413,0.9527801936679386,0.9679960055868322,0.724309642372114,2.4822188717624783e-05
601,0.5087710042190914,0.48343010625271554,0.8753383526080224,0.9418000120218339,0.9567920022364428,0.9710245178624416,0.725516825109401,2.4784377352207965e-05
602,0.5339901989628896,0.47061949196474856,0.8681364416503277,0.9387331781847618,0.9544090385815933,0.9694625228379589,0.7267240078466878,2.4746524866985794e-05
603,0.5269569712006519,0.4765557490594382,0.8706984593006053,0.9396510089662558,0.9549033793831475,0.9696040683168752,0.7279311905839746,2.4708631476368786e-05
604,0.5345424128446601,0.4585056267992672,0.8689636084255132,0.9390896857134676,0.9546217204157401,0.9692909703465455,0.7291383733212615,2.4670697394999157e-05
605,0.5338368072454,0.46225422984252074,0.8686101226516733,0.9383039085737842,0.95420577960106,0.9697097221466763,0.7303455560585483,2.463272283774961e-05
606,0.4720258372938947,0.49274264457220157,0.8838364696414097,0.9467456129715321,0.9605484871542002,0.9737269956074821,0.7315527387958353,2.4594708019722114e-05
607,0.5110630917880247,0.47149918951866787,0.8744908734349073,0.9416325657687453,0.9564638307704353,0.9709217840291317,0.7327599215331221,2.4556653156246713e-05
608,0.5301346325552729,0.4621831269571093,0.8689774994510897,0.9394967208576366,0.9551020018519756,0.9700094508033182,0.7339671042704089,2.451855846288024e-05
609,0.5065834571832666,0.4732385365074293,0.8748230757851235,0.9421368341183376,0.9568357408388332,0.9713571268366475,0.7351742870076958,2.4480424155405195e-05
610,0.5082503257537809,0.48077585521608945,0.8735251180764276,0.9408053050904059,0.9562730785744955,0.9718610753303755,0.7363814697449826,2.4442250449828408e-05
611,0.4762229181136564,0.4980782899412957,0.8817590879114482,0.9459778792185097,0.9601190311445104,0.9736407859185927,0.7375886524822695,2.4404037562379926e-05
612,0.47476589814139186,0.49791892506791935,0.8829433066146419,0.9463857227122876,0.9601567615342472,0.9730859611379529,0.7387958352195564,2.4365785709511702e-05
613,0.5089470605267928,0.4654927960894986,0.8733435437928517,0.9413404329425685,0.9567114686362357,0.9717160728855044,0.7400030179568432,2.4327495107896416e-05
614,0.5326163086243264,0.466081523356144,0.8689337070157084,0.9381591306539186,0.9538894913286852,0.9694547113761847,0.7412102006941301,2.428916597442624e-05
615,0.48916794904414806,0.49184662847069194,0.8797134817576961,0.943952993756864,0.9582159306356396,0.9721477704380882,0.7424173834314169,2.4250798526211598e-05
616,0.5066665711395771,0.48608148323720735,0.874237354475635,0.9412747433186477,0.956278012992778,0.9716927365501835,0.7436245661687038,2.4212392980579943e-05
617,0.4916240222455392,0.4946236559139785,0.8781092746926393,0.9439598119237732,0.9585989905265238,0.972515753340338,0.7448317489059907,2.4173949555074527e-05
618,0.46812923514959826,0.5000544336182026,0.8846324575982374,0.9469948135582541,0.9604530237060386,0.9735857089807635,0.7460389316432775,2.4135468467453176e-05
619,0.5257806161620622,0.4594688468526237,0.8709927125042355,0.9398053804340045,0.9549158382529099,0.9693333396965691,0.7472461143805643,2.409694993568703e-05
620,0.5366685372154122,0.46037973520882813,0.868307478967761,0.9384461403728263,0.9540762289140402,0.9692746420293329,0.7484532971178512,2.4058394177959342e-05
621,0.4906336016000689,0.4904440478961388,0.8782624794700824,0.9445642122380735,0.959063272705063,0.9725812870218473,0.7496604798551381,2.401980141266422e-05
622,0.5133862927061804,0.47722686082861776,0.8722551822559936,0.9408409024738321,0.9563005636881721,0.9716485373222664,0.7508676625924249,2.3981171858405405e-05
623,0.4834248867761182,0.49559891291120756,0.8807313106066749,0.9446861689188222,0.9587810217933613,0.9727594907727605,0.7520748453297118,2.3942505733995005e-05
624,0.499632062604675,0.4822322053047829,0.8771565141335941,0.9428163301161472,0.9574139781455411,0.9715666690856036,0.7532820280669986,2.3903803258452298e-05
625,0.47677350773528826,0.5035835184597482,0.8829386223931476,0.9462443865435419,0.9598989076955515,0.9729380594971526,0.7544892108042855,2.3865064651002446e-05
626,0.4907234976424523,0.48829620662886014,0.8794180739235905,0.9449644721127805,0.9590515204484638,0.9724235241105618,0.7556963935415724,2.3826290131075308e-05
627,0.5097661702178363,0.4774224080135663,0.8744610228112134,0.9415690511138385,0.9565248926817443,0.9711113952995654,0.7569035762788592,2.3787479918304117e-05
628,0.5020639915677659,0.4846606429922253,0.8763453637027386,0.9428507346590123,0.9576384017408484,0.9716863991448464,0.7581107590161461,2.374863423252434e-05
629,0.523790097297836,0.4686778593913956,0.8711816854500863,0.9401981086161979,0.9555639320170626,0.9699144010458913,0.7593179417534329,2.3709753293772316e-05
630,0.5086865675082404,0.4814944814944815,0.8753084746797876,0.9424113797335237,0.9571943070795058,0.9710840177192819,0.7605251244907197,2.3670837322284122e-05
631,0.5175658260295167,0.4706910818674425,0.8723131215912736,0.9398918373894313,0.9553418656522603,0.9704433826787051,0.7617323072280067,2.3631886538494245e-05
632,0.51589765978814,0.4727604586876876,0.8722382370549598,0.9400903090157195,0.9555807209634744,0.971133197682024,0.7629394899652935,2.3592901163034366e-05
633,0.5082884990042078,0.46946534653465344,0.8735808143663197,0.9419288708359739,0.9571724706618921,0.9716124697456727,0.7641466727025803,2.355388141673211e-05
634,0.521887869679051,0.4722083322367555,0.8702191047756689,0.9393660251570045,0.9549877288725168,0.970692481058744,0.7653538554398672,2.3514827520609795e-05
635,0.49278491842198097,0.48875926601045083,0.8757696275913938,0.9421911969206307,0.9574849653590036,0.9733867049965307,0.766561038177154,2.3475739695883167e-05
636,0.5484013903331677,0.45606475357231735,0.8651665003175756,0.936830643890372,0.9529243215106089,0.9682529524973854,0.767768220914441,2.3436618163960162e-05
637,0.510795765355516,0.48396438914512496,0.873769505510247,0.940671734438566,0.9561510399755525,0.9712569474950818,0.7689754036517278,2.339746314643964e-05
638,0.5111251910969401,0.47197180145709944,0.8739081026772296,0.9418135013133777,0.9566246621141327,0.9711734336073949,0.7701825863890146,2.3358274865110143e-05
639,0.5017501279336505,0.4997753996564936,0.8761049263159504,0.9409963853107745,0.9558354346561077,0.9709487149841911,0.7713897691263015,2.3319053541948637e-05
640,0.5146469907352205,0.4687479313129708,0.8723297696874186,0.9406632445236013,0.9559884800781477,0.9710857211541672,0.7725969518635883,2.3279799399119225e-05
641,0.5158365764087798,0.4637258380310377,0.8731780276167632,0.9412711881393189,0.9561810332567526,0.9705401466263623,0.7738041346008752,2.3240512658971946e-05
642,0.512093124405815,0.476465806586952,0.8737684388166322,0.94190734727305,0.9570764775393403,0.971361728204159,0.7750113173381621,2.3201193544041444e-05
643,0.48926664754723426,0.49312366666219426,0.879383286644429,0.9443721423718981,0.9588062652184202,0.9722862551427764,0.7762185000754489,2.3161842277045792e-05
644,0.5162180459795264,0.4702748436735719,0.8716381371439693,0.9401738675805272,0.9555780925322043,0.9712484997433584,0.7774256828127358,2.3122459080885137e-05
645,0.4801544548909124,0.490824202515248,0.8796847570527304,0.9435800655419718,0.9582167543455206,0.9734996988276712,0.7786328655500226,2.3083044178640525e-05
646,0.4993106749249003,0.4790237571840983,0.8767605532969776,0.9429511526702182,0.9576226290101956,0.9715514632816952,0.7798400482873095,2.304359779357256e-05
647,0.5141207623947648,0.4680547104420752,0.8732080058465806,0.9414826730169997,0.9567555293502549,0.971219328826276,0.7810472310245964,2.3004120149120208e-05
648,0.500001441331219,0.4828157894736842,0.8762277084049337,0.9426385229312254,0.9573442929697942,0.971569862909077,0.7822544137618832,2.2964611468899483e-05
649,0.4864986440954837,0.49480686986626843,0.881018088511423,0.944383721962521,0.9583044967835116,0.9715427403011347,0.78346159649917,2.2925071976702205e-05
650,0.5264575672543027,0.45723018298733775,0.8706669313446852,0.9400552006367542,0.955499735640104,0.9697131361100348,0.784668779236457,2.2885501896494717e-05
651,0.5092655569417557,0.47439061812068894,0.8736485641187746,0.940784642168524,0.955943261896599,0.971324395226176,0.7858759619737438,2.2845901452416625e-05
652,0.5221246178257962,0.47238996790163756,0.8704773194292134,0.9385166457169527,0.9541730971312731,0.970139737932917,0.7870831447110306,2.2806270868779532e-05
653,0.5316788006887356,0.471209484886497,0.8687292629939177,0.9355095814990588,0.9510702108731592,0.9673639136958738,0.7882903274483175,2.2766610370065758e-05
654,0.4950581827825298,0.4936864141232316,0.8772321151727066,0.9425128677259783,0.9575238631322358,0.9722276549970663,0.7894975101856043,2.2726920180927083e-05
655,0.4801415093847355,0.5056069250442652,0.8817006903329533,0.9458410659847621,0.9597106994451574,0.9728036486982906,0.7907046929228913,2.2687200526183445e-05
656,0.4752128989808842,0.4985641734691164,0.8827750671302589,0.9462252047294043,0.9602550711366119,0.9733453523921266,0.7919118756601781,2.2647451630821708e-05
657,0.5185041164792258,0.48280520434394836,0.8725205782930043,0.9395093676591356,0.9546656862932336,0.970050228223296,0.7931190583974649,2.2607673719994346e-05
658,0.5307092997225887,0.4612221072461461,0.8685303310034347,0.9381304043179176,0.9540333466343116,0.9698083704519723,0.7943262411347518,2.256786701901821e-05
659,0.5123338875003102,0.4754839135892185,0.8739184638176987,0.9416743669242753,0.9567137336958181,0.9708414790603904,0.7955334238720386,2.2528031753373197e-05
660,0.5034000531511166,0.48725667268713624,0.8758044525524462,0.9421137649762946,0.9570774173173052,0.9718292523516969,0.7967406066093254,2.248816814870105e-05
661,0.493020466565207,0.47312210264334653,0.8780629581965672,0.9442775134838122,0.9586361467385803,0.9723508345744707,0.7979477893466124,2.2448276430803983e-05
662,0.5192939203845645,0.4657417516576572,0.871849563901447,0.9406132591146269,0.9560597887058352,0.9706422368728845,0.7991549720838992,2.2408356825643495e-05
663,0.5233331317088143,0.46653775346674964,0.869915003776655,0.9388926713794483,0.9544347288017929,0.970050314020987,0.8003621548211861,2.236840955933903e-05
664,0.519995734577523,0.4659720769713449,0.8714464729332113,0.9403663114133749,0.955811096996842,0.9707233366768563,0.8015693375584729,2.232843485816671e-05
665,0.5080475000608577,0.4831735917755408,0.8748858020301225,0.9416996094596491,0.9566434340821156,0.9710803485937779,0.8027765202957597,2.2288432948558078e-05
666,0.501411365001083,0.48154820250615943,0.8770359169108192,0.9435131804170115,0.9580124505847727,0.9715895259288535,0.8039837030330467,2.224840405709878e-05
667,0.4817776838032632,0.4864355888008007,0.8797094394013153,0.9452020274333496,0.9595887861172361,0.973685366016628,0.8051908857703335,2.2208348410527295e-05
668,0.5005787538867253,0.48807305005430485,0.8771725584422276,0.9421055042282229,0.9567520835758685,0.9709797530053685,0.8063980685076203,2.216826623573367e-05
669,0.5107586410827809,0.48796059832178035,0.8743184210752364,0.9406127982698179,0.9556974891935203,0.9701360342295068,0.8076052512449072,2.2128157759758198e-05
670,0.5005402307831788,0.47189616557381475,0.8760341462716337,0.9429047235039534,0.9577208461175079,0.9717677709966646,0.808812433982194,2.2088023209790168e-05
671,0.4526288972387245,0.5122139054773421,0.8873603990207658,0.9488392105830565,0.9623571075573907,0.9751251233106206,0.8100196167194809,2.204786281316655e-05
672,0.4962408521258539,0.4813477260100008,0.8762818733167139,0.9432898958473458,0.9580823012994992,0.9724100887925944,0.8112267994567678,2.200767679737072e-05
673,0.49910898600438863,0.49251989105204547,0.8762943855801796,0.9408239979158137,0.9559639313630902,0.9715247101082078,0.8124339821940546,2.1967465390031188e-05
674,0.4731801385906156,0.5082864889888234,0.8830932248272545,0.9454972617419691,0.9597100566927721,0.973230056616431,0.8136411649313415,2.192722881892025e-05
675,0.4567050561484378,0.5134108742540325,0.8862343409352104,0.9479122519653773,0.9615343497168864,0.9747192727244959,0.8148483476686283,2.1886967311952797e-05
676,0.4748729860253381,0.5033817701453104,0.8829729760686632,0.9462785778646589,0.9601179385757266,0.9731621970402724,0.8160555304059152,2.1846681097184915e-05
677,0.519126925090588,0.474030217482225,0.8724047397791707,0.940755625550951,0.9559439684524088,0.9705182068147458,0.8172627131432021,2.1806370402812674e-05
678,0.48385091396127383,0.5075553715586835,0.8808953241891694,0.9444481543454495,0.9587081658313029,0.972458754910584,0.8184698958804889,2.176603545717078e-05
679,0.5207325565214047,0.45621611807122664,0.8721668316137166,0.9414493644369071,0.9562611959599584,0.9702035958775008,0.8196770786177757,2.172567648873134e-05
680,0.5119904340622403,0.48416773641420624,0.8736588950497696,0.9405514253266274,0.9557895841882749,0.9710420583491597,0.8208842613550626,2.1685293726102516e-05
681,0.4959207752473208,0.4896158794339276,0.8773485019901224,0.9428492595637101,0.9576474833949608,0.9721115537848606,0.8220914440923495,2.164488739802724e-05
682,0.5130495750274231,0.47361855236894634,0.8734992438938702,0.9409473475185972,0.9558117066613714,0.9704316678631982,0.8232986268296363,2.1604457733381948e-05
683,0.49309341893330483,0.4908777416897229,0.8768394913746703,0.9417546886750318,0.9567941411126084,0.9724233759987174,0.8245058095669232,2.1564004961175245e-05
684,0.5001100642156739,0.4843515931819102,0.8774766917838478,0.9428933198857656,0.9573500912672551,0.9712696596728501,0.82571299230421,2.1523529310546643e-05
685,0.4801893136622882,0.5009766533345735,0.8815846881327873,0.944422115062404,0.9581783934110396,0.9719413546626137,0.826920175041497,2.1483031010765232e-05
686,0.46438991870098595,0.4937081551988384,0.8843798250619803,0.9477256721448516,0.9615588683804205,0.9744788217353714,0.8281273577787838,2.14425102912284e-05
687,0.4887967250577113,0.49133584310740835,0.8789701617826617,0.9434399801587302,0.9577180631868132,0.9721163385225885,0.8293345405160706,2.1401967381460535e-05
688,0.46602925081203256,0.4945050455529681,0.8844958148375744,0.9472455791478528,0.9610730275537506,0.9740378706626411,0.8305417232533575,2.13614025111117e-05
689,0.5295143306483895,0.46264234793074716,0.8696854654458626,0.9395600829902446,0.9550720820282602,0.9700954540509279,0.8317489059906443,2.1320815909956374e-05
690,0.5282097614199207,0.4636986483256765,0.8701471598717362,0.9397837456100168,0.9552765689418232,0.9700727210261109,0.8329560887279311,2.1280207807892113e-05
691,0.5010581481348708,0.48387309457249855,0.8765459433511195,0.9430562222818167,0.9576569706906606,0.9717948546653394,0.8341632714652181,2.1239578434938265e-05
692,0.49871836409182935,0.48994233606007775,0.8774086445339461,0.9429571878200985,0.9573539252851234,0.9711062891814928,0.8353704542025049,2.1198928021234673e-05
693,0.5286480810810226,0.47908131106208635,0.86880632564957,0.9366041812192487,0.9525967531996595,0.9695989403811727,0.8365776369397918,2.115825679704034e-05
694,0.487566373844131,0.48948855570727484,0.8796989106853669,0.945007180615394,0.9592099031380817,0.9725150487365173,0.8377848196770786,2.111756499273218e-05
695,0.5344223087066516,0.45167665767911835,0.8678803790066588,0.938773717749827,0.9545258836726414,0.9698446263633977,0.8389920024143654,2.107685283880365e-05
696,0.5180161696357335,0.46991305269854733,0.8724498366062975,0.9410226995082919,0.956271187734783,0.9705986775799408,0.8401991851516524,2.103612056586349e-05
697,0.5233870195187369,0.4680662407093493,0.8718170953811849,0.9406440072239383,0.9556970604069384,0.9698433031572276,0.8414063678889392,2.09953684046344e-05
698,0.46663104635877395,0.49743312618211294,0.8837461751072879,0.9469999952263429,0.9609686704887748,0.9745334943646978,0.842613550626226,2.0954596585951735e-05
699,0.5066195533401617,0.48629510595490055,0.8755269368897338,0.9422924772929211,0.9569469775272212,0.9707291747192454,0.8438207333635129,2.0913805340762195e-05
700,0.5048069443622571,0.48207859317945134,0.8758492071521424,0.9421097942050619,0.9567842083260956,0.9709346384892464,0.8450279161007997,2.0872994900122514e-05
701,0.49800538159950003,0.47199522419739987,0.8770187450292208,0.9439615952704438,0.9585457302140311,0.9719793654779443,0.8462350988380866,2.0832165495198166e-05
702,0.5025482417339789,0.4839565102094935,0.8761703150668465,0.9427153789941444,0.9574193252955958,0.9717340410714524,0.8474422815753735,2.079131735726205e-05
703,0.4952758463254748,0.4851719888555508,0.877864328462711,0.9441480989692138,0.9586369125634583,0.9721012356843196,0.8486494643126603,2.0750450717693144e-05
704,0.5269366722566684,0.45612877155172415,0.8706857864171856,0.9403615412673041,0.9554308532274605,0.969880472914005,0.8498566470499472,2.070956580797528e-05
705,0.5447615913743077,0.4514330038917791,0.8645011839998779,0.9349840002595068,0.9514664997681612,0.9683153618498257,0.851063829787234,2.066866285969572e-05
706,0.470401391430736,0.5060087277609936,0.883818235079145,0.9461485687677539,0.9599670996447563,0.973243652511944,0.8522710125245209,2.0627742104543955e-05
707,0.5059247807234396,0.4726212449509135,0.8754113114960846,0.9425281755540523,0.9571681896179437,0.971287495748348,0.8534781952618078,2.058680377431029e-05
708,0.5588464153687123,0.4580534737169679,0.8636837413164782,0.9349186865379879,0.9505218226280312,0.9661154137642053,0.8546853779990946,2.0545848100884636e-05
709,0.5051922551922552,0.4787960630534708,0.8747711474984202,0.9419339873885328,0.9568067749885931,0.9716423352786989,0.8558925607363814,2.05048753162551e-05
710,0.46643009862614987,0.5050294553761071,0.8847071596966409,0.947183128826454,0.9607892524884771,0.9738105255926979,0.8570997434736684,2.046388565250673e-05
711,0.4739833448100503,0.509344867267172,0.8832121665686641,0.9461603372305248,0.9598526907421974,0.9729952118763794,0.8583069262109552,2.0422879341820186e-05
712,0.4763113278808394,0.4971289693667708,0.8834638305587762,0.9458963751831017,0.9597123812522962,0.9729500961432941,0.8595141089482421,2.0381856616470415e-05
713,0.5166546232837069,0.4616904793697423,0.8732306023804227,0.9415252691985668,0.9564661595992595,0.970565968565894,0.8607212916855289,2.034081770882535e-05
714,0.4991462425904184,0.4916997208755693,0.8767188797571662,0.9427994616419919,0.957587125225509,0.9719462023806115,0.8619284744228157,2.0299762851344576e-05
715,0.4969385869842904,0.4877253446447508,0.8774617339507983,0.9429850908767932,0.9578579225787597,0.9717909953136207,0.8631356571601027,2.0258692276578034e-05
716,0.5052988876854532,0.4781048282984766,0.8751247816023439,0.9427146171915375,0.9575737775701667,0.9718741074234665,0.8643428398973895,2.021760621716469e-05
717,0.4623743448595397,0.500506680178138,0.8855409834813037,0.948175646765789,0.9618826500206292,0.9743003239559298,0.8655500226346763,2.017650490583122e-05
718,0.5284054591822358,0.4707355742968677,0.8706500397274088,0.9387500763988632,0.9540031094337317,0.9687232603978853,0.8667572053719632,2.013538857539069e-05
719,0.5058839850361431,0.4835368012483445,0.8758753949545157,0.9427464000397342,0.9574299206461399,0.9711248610256783,0.86796438810925,2.0094257458741254e-05
720,0.5331603723668804,0.4546778064871529,0.8681591612565884,0.9388813828427051,0.9547032376503276,0.9699392391922477,0.8691715708465368,2.00531117888648e-05
721,0.5047999607976087,0.4809677714824071,0.8758513985079528,0.9427434503401776,0.9573670787486351,0.9713464313803346,0.8703787535838238,2.001195179882566e-05
722,0.4803936633584706,0.4971292944561571,0.8820148265213026,0.9453348373625283,0.9593320430747854,0.9727652378389314,0.8715859363211106,1.997077772176928e-05
723,0.5270480780240645,0.4829222513019801,0.872282707226076,0.9374996421789868,0.9521779372334234,0.9667350502380703,0.8727931190583975,1.9929589790920914e-05
724,0.5060993784933733,0.4726219864488681,0.8748498153886382,0.9424741644296039,0.957129510429182,0.9716378926152592,0.8740003017956843,1.9888388239584253e-05
725,0.5080077796952335,0.4652334430686801,0.8742644574783417,0.942296056938578,0.9571767764198857,0.9715536146797396,0.8752074845329711,1.984717330114019e-05
726,0.5174358080640273,0.4697771661461917,0.8724310549699119,0.9405939365595964,0.9559620331088852,0.9706677610700974,0.8764146672702581,1.9805945209045403e-05
727,0.4752003190690782,0.5021761409766681,0.882822993043895,0.9463137989001201,0.9600875932754788,0.9733831375307975,0.8776218500075449,1.97647041968311e-05
728,0.5036138396967174,0.48047210859539874,0.8752358855079958,0.9428226885128289,0.9578268194905827,0.9720362381198613,0.8788290327448317,1.972345049810166e-05
729,0.47850319963270393,0.5019142676750715,0.8811849259588239,0.9448066228236303,0.9590653094597728,0.9730368188006675,0.8800362154821186,1.9682184346533338e-05
730,0.5078227889415318,0.4846859947287104,0.8746133327730499,0.9421548693568551,0.9570705069005595,0.9712555475227034,0.8812433982194054,1.9640905975872924e-05
731,0.49143118697543614,0.4730356254955451,0.8787428977001713,0.944868218710768,0.9591472279566364,0.9723873648702793,0.8824505809566923,1.9599615619936406e-05
732,0.4832496624569035,0.4973662803877902,0.8808173387142961,0.9448591315370488,0.9590280667860457,0.9725383813585531,0.8836577636939792,1.955831351260768e-05
733,0.5348047360209534,0.45479514763103684,0.8693226680822502,0.9390684836292915,0.9544763215958922,0.9693819583745867,0.884864946431266,1.9516999887837194e-05
734,0.49839815017351236,0.47790581496036766,0.8762846464532738,0.942811943311919,0.957503976428628,0.9719660589036221,0.8860721291685529,1.9475674979640647e-05
735,0.4875349522877464,0.488420099351419,0.8793994106294665,0.9446470597775122,0.9588280131306184,0.972411773291727,0.8872793119058398,1.943433902209763e-05
736,0.5098735133608101,0.47656892299260073,0.8741379968689145,0.9420596433617168,0.9569141624346099,0.9713133376608499,0.8884864946431266,1.939299224935035e-05
737,0.4594890806069201,0.5176077306193158,0.887496504190676,0.9470393239176353,0.9604260067214988,0.9736046113185,0.8896936773804135,1.9351634895602243e-05
738,0.4779556480951357,0.49348824135669445,0.8821336386841289,0.9458412652973592,0.9597623989121878,0.9733772275101983,0.8909008601177003,1.9310267195116716e-05
739,0.48148923036499913,0.49284707634217034,0.8804573348221528,0.9452820644964259,0.9595212872562774,0.9729931953312146,0.8921080428549871,1.926888938221575e-05
740,0.5108736977961089,0.47190743170702615,0.8748318851674276,0.9415175149644871,0.9566008397866839,0.9706952819031601,0.893315225592274,1.9227501691278636e-05
741,0.4922784867302433,0.48363903154805576,0.8776532115399487,0.9439327819662287,0.9586608328551912,0.9725296599287608,0.8945224083295609,1.9186104356740587e-05
742,0.4806176370278084,0.5070496364296179,0.8811665376727461,0.9438480397536677,0.9581057648353347,0.972490416117528,0.8957295910668478,1.9144697613091478e-05
743,0.4866024011927147,0.47724778500495196,0.8789155447807848,0.9442606052218399,0.9588743121936786,0.9731825925943601,0.8969367738041346,1.910328169487444e-05
744,0.5193239471478114,0.4581367924528302,0.8724363261172784,0.9416349809885931,0.9564495481208323,0.9704291419072549,0.8981439565414214,1.9061856836684604e-05
745,0.5278571154136187,0.45936636412452686,0.8701477463855686,0.9398523872524595,0.9550938043501087,0.9700211720818704,0.8993511392787084,1.9020423273167724e-05
746,0.46209485997634475,0.5134259321509729,0.8851058834308752,0.9467853202463169,0.9606816854305773,0.9744243888844349,0.9005583220159952,1.897898123901887e-05
747,0.5093706357541944,0.47651193633952255,0.8746574276000875,0.9414219106871126,0.9563685271846543,0.9706483872231122,0.901765504753282,1.8937530968981092e-05
748,0.4656024790464475,0.5115864049270734,0.8845591189344917,0.9469564744401492,0.9607267015486972,0.9739596703161426,0.9029726874905689,1.8896072697844093e-05
749,0.46804251319588497,0.5099792794599292,0.8838132386308339,0.9456898213260003,0.9596013182526855,0.973203670803222,0.9041798702278557,1.8854606660442885e-05
750,0.5144181852676266,0.4772472360198686,0.8725314097449426,0.9401764137725671,0.9555186091524427,0.9710507327986073,0.9053870529651425,1.881313309165649e-05
751,0.4971745155054255,0.48020770920711003,0.8762992473194225,0.9430497784717702,0.9577741041993965,0.9723333097901924,0.9065942357024295,1.877165222640658e-05
752,0.502313707400666,0.4884323946689596,0.8761831226133541,0.9416095525966421,0.956162545323009,0.9705380159712605,0.9078014184397163,1.8730164299656164e-05
753,0.5099939045681937,0.47591767736395835,0.8739451134563637,0.9404998186988301,0.9555993434989217,0.9707818851504799,0.9090086011770032,1.8688669546408237e-05
754,0.5167661552887647,0.46655131879597955,0.8729972802246846,0.9418727977600277,0.9568081732637208,0.9708633687601013,0.91021578391429,1.864716820170446e-05
755,0.5061916499728383,0.47582861976000423,0.875264462195022,0.9426491433237246,0.9574504413585487,0.9714476217003035,0.9114229666515768,1.8605660500623863e-05
756,0.5306995016868258,0.45341974776328553,0.8681926562665615,0.9379412222494898,0.9540541598670019,0.9706235384102678,0.9126301493888638,1.8564146678281433e-05
757,0.49303744147510153,0.48294503626172197,0.8792375246263708,0.9440135856472979,0.9582422614760081,0.971764941588395,0.9138373321261506,1.8522626969826872e-05
758,0.457609709379585,0.5124572479147798,0.8870997767083624,0.9477398284883471,0.9610628643763443,0.9742083361574936,0.9150445148634374,1.8481101610443192e-05
759,0.5407818813927018,0.46478377144348054,0.8678949820870668,0.9381039408453071,0.9534492899756323,0.9684356165639251,0.9162516976007243,1.8439570835345444e-05
760,0.5089642091512278,0.4816779733568547,0.8733940400511616,0.9414208808201134,0.9566061508504667,0.9717265143271672,0.9174588803380112,1.8398034879779328e-05
761,0.5187217235299371,0.474735433967762,0.8716590556773144,0.9401646417362219,0.955502439843911,0.9705118708524563,0.9186660630752981,1.8356493979019898e-05
762,0.5043587052653267,0.4802585115597308,0.8753038500557834,0.9422038303001614,0.9571131214550826,0.9715404517833982,0.9198732458125849,1.8314948368370225e-05
763,0.5273494661561212,0.45143002313174396,0.8706739265688755,0.9407012561691992,0.9557945623256116,0.9701664586410776,0.9210804285498717,1.8273398283160053e-05
764,0.506183437527123,0.47106720950410463,0.875513254239325,0.9424497141990563,0.9571723017729864,0.971514330106051,0.9222876112871586,1.8231843958744475e-05
765,0.44963597911650277,0.5317435039944793,0.8878317686532615,0.9475661150910887,0.9611800249139705,0.9753685788059431,0.9234947940244455,1.819028563050259e-05
766,0.5048135516836963,0.4903085830795572,0.875471485564976,0.9414971259786518,0.9561254698148999,0.9706488004147068,0.9247019767617323,1.8148723533836183e-05
767,0.4676937869253538,0.505538195598697,0.8844921265664579,0.9469319607497054,0.9606504825191171,0.9735895319826933,0.9259091594990192,1.8107157904168383e-05
768,0.5192069985812865,0.4779027614884316,0.8706591797107949,0.938726867644042,0.9546193150103287,0.9709993368605355,0.927116342236306,1.8065588976942332e-05
769,0.5159179243807935,0.4827186792704034,0.8730652341572553,0.9392872960239464,0.9543368535190403,0.9696250353163968,0.9283235249735928,1.802401698761984e-05
770,0.48604463035963386,0.49469679958789575,0.8801516316720512,0.9447000475160915,0.9588680483862657,0.9725179521137027,0.9295307077108798,1.7982442171680084e-05
771,0.4905136223307881,0.49511954159257066,0.8793894528145451,0.9437539416224839,0.9581751516302217,0.972096413636368,0.9307378904481666,1.7940864764618225e-05
772,0.5292642848136662,0.4658001837993961,0.8698760924733195,0.9394153489517794,0.9547744210870026,0.96958451165464,0.9319450731854535,1.7899285001944133e-05
773,0.5215300330777103,0.4694445183785366,0.8725146076017759,0.9403983119043959,0.9555361880006223,0.9701328120003322,0.9331522559227403,1.785770311918098e-05
774,0.4875825218418466,0.4830008731278125,0.87818272019539,0.9438377728591055,0.9586150969317662,0.9732578995573195,0.9343594386600271,1.7816119351863994e-05
775,0.4778343143379423,0.49301201584211585,0.8814837870118513,0.9460082623560604,0.9601079242811492,0.9736328302149797,0.9355666213973141,1.777453393553903e-05
776,0.5214313870578201,0.47522845018354115,0.8714837670485829,0.9409386418006014,0.9561357722281649,0.97045691585851,0.9367738041346009,1.773294710576133e-05
777,0.4684236265534364,0.5069017174040983,0.8843969810153708,0.9469539544708712,0.9604996768919005,0.9733772289447585,0.9379809868718877,1.7691359098094102e-05
778,0.46149921268223737,0.5108083780043797,0.8843236391507655,0.9465090729645605,0.9604103570484301,0.974846159059172,0.9391881696091746,1.764977014810725e-05
779,0.5049116098407099,0.4737589025255578,0.8757632749699272,0.9429381551562828,0.9576041089874554,0.9714070227025375,0.9403953523464614,1.7608180491376014e-05
780,0.48064758608920455,0.4942821346697233,0.8803820443726632,0.9451636889847245,0.9596278064616509,0.9736165639106285,0.9416025350837482,1.7566590363479627e-05
781,0.5057117455034411,0.47856585111920874,0.8757241658487778,0.942604247421263,0.9572040419624751,0.9712013992583625,0.9428097178210352,1.7525e-05
782,0.5118488463527319,0.4591569671861643,0.8730409932220442,0.9419239620449744,0.9570424020747169,0.9717074511697963,0.944016900558322,1.748340963652037e-05
783,0.5005263676471079,0.4860602610709342,0.8758344765172366,0.9418489317077687,0.9568931364097629,0.9719516607431125,0.9452240832956089,1.7441819508623988e-05
784,0.5070811273625776,0.4790284642017073,0.8754332027999786,0.942405019809009,0.9570413584629125,0.9709849543133259,0.9464312660328957,1.7400229851892747e-05
785,0.5149425804734472,0.4660785549254358,0.8727645767725928,0.9418198301364634,0.9567993129115374,0.9710726214333428,0.9476384487701826,1.7358640901905896e-05
786,0.4785242464670003,0.49274363494188284,0.8812235988786445,0.9456461543162252,0.9598798438657734,0.9735167630411037,0.9488456315074695,1.7317052894238672e-05
787,0.5012572319781713,0.47456447857850087,0.8749619510817344,0.9419261388196295,0.9570340641588255,0.9720475232181894,0.9500528142447563,1.727546606446097e-05
788,0.4985934833935814,0.4777421137099108,0.8776831222271739,0.9437423477397024,0.9584089215215675,0.9720505815002104,0.9512599969820431,1.723388064813601e-05
789,0.5192895931721966,0.4595724095300805,0.8728677656761581,0.9410964003780032,0.9560065291472972,0.9702465612203014,0.95246717971933,1.7192296880819015e-05
790,0.5011219957212262,0.4726213643997761,0.8756682041726487,0.9428990897150014,0.957807679384183,0.9719783807312826,0.9536743624566169,1.715071499805587e-05
791,0.505717408474583,0.4862304295463669,0.8744258487132235,0.9412712303562243,0.9562848153029391,0.9715761114891335,0.9548815451939038,1.7109135235381773e-05
792,0.4943838664262252,0.4899035956227202,0.8784399159126363,0.9442778014323874,0.9588899856990383,0.9723040586854953,0.9560887279311906,1.7067557828319917e-05
793,0.5341664784481689,0.45544246353322526,0.8676631937183273,0.9386843665760473,0.9545289175229675,0.96988742758325,0.9572959106684774,1.702598301238016e-05
794,0.48595343135090585,0.48678327817923955,0.8794123599538717,0.9451700791971834,0.9594649035046854,0.9731525748631042,0.9585030934057643,1.6984411023057666e-05
795,0.4961121117705483,0.4849100102171806,0.8781238011074188,0.9442005569541972,0.9585882222701514,0.9719194306011785,0.9597102761430512,1.694284209583162e-05
796,0.4994196946158537,0.48543817147672214,0.8773236826856344,0.9436139715463725,0.9579744331660508,0.971485276302613,0.960917458880338,1.6901276466163818e-05
797,0.4800226453121913,0.48999146191063464,0.8810734622325244,0.9455491416634618,0.9596478286552426,0.9730995067272705,0.9621246416176249,1.685971436949741e-05
798,0.5359070378409482,0.45403532805563973,0.8687730493000841,0.9389698925901423,0.9546102418845939,0.9694333941457761,0.9633318243549117,1.6818156041255523e-05
799,0.495196655116851,0.4769486816585417,0.8766712097611631,0.9435081470282817,0.9582445711929631,0.9724741921690795,0.9645390070921985,1.677660171683995e-05
800,0.4985654801351763,0.48557926005941127,0.8771994467316983,0.943165905079549,0.9577727228036079,0.9715748387016714,0.9657461898294855,1.6735051631629776e-05
801,0.49266174596520257,0.498171932127121,0.8780882956291087,0.9427242455179521,0.9572795710210196,0.9717747860352839,0.9669533725667723,1.6693506020980103e-05
802,0.4718050407290557,0.5061240351629502,0.8827789407797689,0.9454951748669439,0.959454379259084,0.9735805597803167,0.9681605553040592,1.6651965120220677e-05
803,0.4656531828043453,0.5053232752855576,0.8844291093149464,0.9476000278550735,0.9611660210076859,0.9742264254976948,0.969367738041346,1.6610429164654554e-05
804,0.4974654210261218,0.48406258286926546,0.8769842254435103,0.943284123333556,0.958002271230759,0.97218124039737,0.9705749207786328,1.6568898389556803e-05
805,0.4850838015704725,0.48284017379057437,0.8799541195544406,0.9451944336560932,0.9595244388758527,0.9729822575889292,0.9717821035159198,1.6527373030173126e-05
806,0.5089693963245359,0.4866011435798793,0.8734596726878991,0.9406411730194089,0.9559354534050094,0.9713947731186232,0.9729892862532066,1.648585332171857e-05
807,0.465194705512551,0.5049752909507292,0.885268463453905,0.9476711724738227,0.9612229529882349,0.9737582783827197,0.9741964689904934,1.6444339499376142e-05
808,0.4764398905533664,0.4855680710494964,0.8825729958353533,0.9461745181645016,0.9602449926899189,0.9731407009279794,0.9754036517277803,1.6402831798295535e-05
809,0.5006356476270002,0.4860187823150786,0.8765376332790588,0.9430862010514304,0.9577603865749251,0.9720134269848015,0.9766108344650671,1.6361330453591765e-05
810,0.45194012656619237,0.5229922105828633,0.8879153654815506,0.9485508304208732,0.9618398542863494,0.9745964775690474,0.9778180172023541,1.6319835700343837e-05
811,0.5158295918578605,0.47949311178883164,0.8719257766521787,0.9397675126796946,0.9551368395127255,0.9712001725946765,0.9790251999396409,1.6278347773593417e-05
812,0.4998126168607992,0.48812755303729083,0.8761546842829365,0.9423578552878387,0.9574629670973417,0.9721950307311553,0.9802323826769277,1.6236866908343507e-05
813,0.4797934499481719,0.4903694390198229,0.8808907944495243,0.9453237300204067,0.9595206233881267,0.9733481340925881,0.9814395654142146,1.619539333955711e-05
814,0.4934177714284966,0.4734881444420274,0.8777311413579787,0.9439923956549872,0.9584299623409319,0.9724084815932477,0.9826467481515014,1.6153927302155912e-05
815,0.49683100039922734,0.47171438194678345,0.8773490714438438,0.9437540089801154,0.9584536027367971,0.9721347246403372,0.9838539308887883,1.6112469031018906e-05
816,0.5165267512997224,0.471038984493924,0.8723473497356417,0.9416617357943158,0.956675764921456,0.9708814491038538,0.9850611136260752,1.607101876098113e-05
817,0.5215496305016062,0.47153024911032027,0.8718563102903483,0.9402110669333245,0.9555795271757029,0.9701193754862606,0.986268296363362,1.6029576726832278e-05
818,0.48427481358369556,0.5008002963080546,0.8812082863415552,0.9448121554400484,0.958998022286756,0.9724638525395615,0.9874754791006488,1.5988143163315394e-05
819,0.5089893933625423,0.46152934982890237,0.8729254924121658,0.9421581560865905,0.9570512734846763,0.9719959373729236,0.9886826618379357,1.5946718305125557e-05
820,0.4988490118984684,0.4796398279535314,0.8770773947954312,0.9428678855639969,0.9574791938443744,0.9715398702340997,0.9898898445752226,1.590530238690852e-05
821,0.5139274079516966,0.48111703517850607,0.8732756078497241,0.9411222971599482,0.9561943553982362,0.9708674951065676,0.9910970273125095,1.586389564325941e-05
822,0.4891665914299749,0.503556466242936,0.8798087434563472,0.9439921557320156,0.9582256449132079,0.9720018063966683,0.9923042100497963,1.5822498308721365e-05
823,0.47953598257950136,0.4990007461095715,0.8809976335461773,0.9457768011157367,0.9601129864761794,0.9733504270403863,0.9935113927870831,1.5781110617784244e-05
824,0.5080026352260872,0.48874671387949997,0.8747617403117267,0.9411434175454529,0.9559217191712475,0.9707744322312173,0.99471857552437,1.5739732804883285e-05
825,0.49704179611227556,0.47393251875215353,0.8776867000529917,0.9436865950245146,0.9583457060061967,0.972051922259831,0.9959257582616569,1.569836510439776e-05
826,0.5235618490254506,0.4622372313411346,0.8707536759792748,0.9403128257408278,0.9558300210383234,0.9704346647422901,0.9971329409989437,1.5657007750649656e-05
827,0.4775835723742276,0.4843893541386518,0.8805286133441473,0.9456949977338327,0.9598416068318981,0.9735798287254598,0.9983401237362306,1.5615660977902374e-05
828,0.5210366150426372,0.4565818878365436,0.8714806110233936,0.9407171372549769,0.9562160995996388,0.9706630875353442,0.9995473064735174,1.557432502035935e-05
829,0.4699726157079947,0.5000935678768113,0.8838329892203383,0.9473769617065714,0.9610727543644123,0.9739743666841348,1.0007544892108042,1.5533000112162804e-05
830,0.468471387989337,0.5041150092323925,0.8834094969763606,0.9468791994991143,0.9607184579439252,0.973952606743632,1.001961671948091,1.5491686487392317e-05
831,0.5271976277290625,0.4619825191408632,0.8683607730851826,0.9379823431162014,0.9541092817943212,0.970726795514197,1.003168854685378,1.5450384380063595e-05
832,0.4738869760423712,0.499489802859825,0.8826167036912332,0.9451775700756293,0.9593362476070748,0.9736952297923603,1.004376037422665,1.540909402412707e-05
833,0.4584099840417688,0.5151157488130046,0.8876811594202898,0.9481567172156808,0.9612158488721919,0.9735352621371085,1.0055832201599517,1.536781565346666e-05
834,0.5023817218501265,0.4834924132804099,0.8761624057051148,0.9424087965940297,0.9570026773736167,0.9713208058455672,1.0067904028972385,1.5326549501898338e-05
835,0.509764821474253,0.47069594674130555,0.8735649738600211,0.9420844592885459,0.9572100428682291,0.971602542503119,1.0079975856345254,1.5285295803168903e-05
836,0.5300849676699966,0.4802133220127622,0.8694649574166922,0.9378349563954183,0.9532399678919091,0.9687280175544591,1.0092047683718124,1.52440547909546e-05
837,0.5002934341605253,0.4875906633258605,0.8767857449598333,0.9424362666788818,0.9570151982761418,0.9713488732509958,1.0104119511090992,1.5202826698859807e-05
838,0.5293458419189593,0.45968839612543444,0.8695417362820019,0.9395975843995492,0.9552394465378079,0.970160903264343,1.011619133846386,1.516161176041574e-05
839,0.49507624684463913,0.47617896334501886,0.8779704529403906,0.9434435303773548,0.9577799622072494,0.9716487564658052,1.0128263165836728,1.5120410209079088e-05
840,0.5118386343573484,0.473156273459139,0.8737894476587954,0.9420977720586621,0.9569026661028162,0.9710336124266031,1.0140334993209597,1.507922227823072e-05
841,0.5086282025758695,0.4707923341736467,0.8748836153276706,0.942074776197999,0.9569977715197167,0.9710039990536591,1.0152406820582465,1.5038048201174342e-05
842,0.493476393275635,0.4867908128325344,0.8780358403786331,0.9440714517452623,0.9585526441344301,0.9721674077749576,1.0164478647955335,1.49968882111352e-05
843,0.49268642792623596,0.4877590947546531,0.8779270706637095,0.9438410722377238,0.9583344065250053,0.9723679378025805,1.0176550475328203,1.4955742541258742e-05
844,0.4889105158869884,0.4985787379192723,0.8791440684439691,0.9436139332365747,0.9579606218012375,0.9720676418913757,1.0188622302701071,1.4914611424609305e-05
845,0.48958726826096666,0.48138518856040097,0.8794549096207631,0.9448058299211907,0.9590724188504857,0.9724334500984281,1.020069413007394,1.4873495094168778e-05
846,0.4751345949329473,0.49756960955249113,0.8828461662483317,0.9460810549101653,0.9601699289164408,0.973210341889882,1.0212765957446808,1.4832393782835312e-05
847,0.4832206806730169,0.5070791542064731,0.8809866190577519,0.9443941361644225,0.9584649750997869,0.972050119133612,1.0224837784819678,1.4791307723421959e-05
848,0.5215598364655158,0.4610655737704918,0.8717852032239373,0.9409492152559475,0.9562813413152159,0.9704707891543894,1.0236909612192546,1.4750237148655422e-05
849,0.470777794622371,0.5012760498410056,0.8822726904124749,0.9450297418871668,0.9593583193806436,0.9741982569870776,1.0248981439565414,1.4709182291174649e-05
850,0.4812485788630214,0.4962864897067585,0.8816367581941065,0.945698643325705,0.9596044593360663,0.9727862827277138,1.0261053266938283,1.4668143383529585e-05
851,0.4852541630596526,0.4922491450773755,0.8803777804919009,0.9448109570846247,0.9588221935542969,0.9725443123005756,1.027312509431115,1.4627120658179812e-05
852,0.5096410324252891,0.4746781685467817,0.8747322216154912,0.9418772935385696,0.9567640533532918,0.9710264742608171,1.0285196921684019,1.4586114347493265e-05
853,0.4684533753236063,0.5018387287271165,0.8836716427025562,0.946282095813183,0.9603122650187603,0.9739235235067121,1.029726874905689,1.4545124683744897e-05
854,0.4753130734477279,0.4977638464464176,0.8826686421091922,0.9463976653629637,0.9600937062362951,0.9732303353892828,1.0309340576429757,1.450415189911536e-05
855,0.45173498456021366,0.5111140707198508,0.8878839846124629,0.9489827372141916,0.9622001391405921,0.9751951833306135,1.0321412403802626,1.4463196225689708e-05
856,0.483722171471025,0.4949766653665622,0.8806863078173969,0.9450503307668523,0.9591303484790069,0.972741795722362,1.0333484231175494,1.442225789545605e-05
857,0.49036234144661534,0.4770461770569535,0.8780668861218454,0.943048518677544,0.957861743237441,0.9729764801297648,1.0345556058548362,1.4381337140304276e-05
858,0.48569013334364874,0.4829823882071756,0.8794091506612354,0.9447202840261993,0.9588576327267833,0.9728536938584776,1.0357627885921232,1.4340434192024721e-05
859,0.4867058752433659,0.494932592002807,0.8800921927267001,0.9442310353548609,0.9583567553122957,0.9718621308354131,1.03696997132941,1.429954928230685e-05
860,0.4985687785377919,0.49264363224818586,0.8763184680443507,0.9421739018450206,0.9571479402946348,0.972121024801556,1.0381771540666969,1.4258682642737954e-05
861,0.48770566410070487,0.4775705508128976,0.8793557344121983,0.9446181590912344,0.9588526881771731,0.9723973416411025,1.0393843368039837,1.4217834504801836e-05
862,0.46130117764812834,0.5056983656262883,0.8851775784915916,0.9473565220543415,0.9608832229797472,0.9745749534721553,1.0405915195412705,1.4177005099877482e-05
863,0.5097307292620975,0.4627119566696606,0.8734296806110646,0.9410855864625204,0.9563793807664266,0.9716426371059171,1.0417987022785573,1.4136194659237807e-05
864,0.4872700071541968,0.49715241130675586,0.8785024438039576,0.9439141505932772,0.9586599768547007,0.973319938444571,1.0430058850158443,1.4095403414048262e-05
865,0.5140093952401821,0.46890939685544514,0.873186016932576,0.9417015969825551,0.9570416749758358,0.9712148116625431,1.0442130677531312,1.40546315953656e-05
866,0.505370990296831,0.48699317543155357,0.8757398821533076,0.9417265857480708,0.9565099131324429,0.97057268453391,1.045420250490418,1.4013879434136502e-05
867,0.4799630591649961,0.49362059243912354,0.880462962962963,0.9456519663993891,0.9600429553264604,0.9737208858342878,1.0466274332277048,1.3973147161196349e-05
868,0.4835117696552904,0.49063928793658523,0.8805371588331004,0.9451086998036834,0.9592385284659043,0.9729635019211526,1.0478346159649916,1.3932435007267819e-05
869,0.4804404410854303,0.5088440693504462,0.8805674757786475,0.9442744281871368,0.9586397681544441,0.9727417340131439,1.0490417987022786,1.3891743202959655e-05
870,0.4809304599716758,0.4924307987271493,0.8798953471063972,0.9445667896904305,0.9594212412550714,0.9741373387937056,1.0502489814395655,1.385107197876533e-05
871,0.4955200568536414,0.4774669984851764,0.8776370985903665,0.9433846852658379,0.9580239939232699,0.972170904218976,1.0514561641768523,1.381042156506173e-05
872,0.5001140992334775,0.4823613624699495,0.8753873435466297,0.9419278321079988,0.9571026272993525,0.9723891493195645,1.052663346914139,1.3769792192107884e-05
873,0.4608245905158323,0.5099852764020881,0.8865044465294926,0.9481917510363463,0.9617838042667975,0.9742610036929532,1.053870529651426,1.3729184090043628e-05
874,0.4865187715193523,0.5077443521314791,0.8807226685141818,0.9443693732381329,0.958415641276694,0.9717261478737353,1.055077712388713,1.3688597488888301e-05
875,0.47053244342472833,0.5031082782499213,0.8833719038562885,0.9467736330377533,0.960575006301125,0.9738503310954792,1.0562848951259998,1.3648032618539468e-05
876,0.5176135170126999,0.473808456202358,0.871741509826806,0.9400945910065958,0.955363436144385,0.9705253124540368,1.0574920778632866,1.3607489708771596e-05
877,0.4920367066239205,0.48013453575783566,0.8773907211350863,0.9431006700268183,0.958019094285548,0.9727982277633239,1.0586992606005734,1.3566968989234763e-05
878,0.5119335724068167,0.4680280957336108,0.8741977199738499,0.9419638383462414,0.9569476853773877,0.9710210489647307,1.0599064433378602,1.3526470689453356e-05
879,0.4606203246597769,0.5097364489970124,0.8855051881714273,0.9486241228974354,0.9620879813088393,0.9746279710775668,1.061113626075147,1.3485995038824752e-05
880,0.5284576341884516,0.45608384663902196,0.8700917532769369,0.9384375885868201,0.953953465731158,0.9690035611305133,1.062320808812434,1.3445542266618057e-05
881,0.5133697927254466,0.48421817221341784,0.8745316314590956,0.94081520463148,0.955560582027246,0.9699156125392017,1.0635279915497209,1.3405112601972754e-05
882,0.46760517772470594,0.5029305315471045,0.884975905212854,0.947436236383749,0.9610942440707926,0.9738130847722282,1.0647351742870077,1.3364706273897483e-05
883,0.5009591567696442,0.4887088274044796,0.8764687468983577,0.9428916085784744,0.957664014842074,0.9713608670092152,1.0659423570242945,1.3324323511268655e-05
884,0.5171009195475089,0.47051325852145803,0.8726285168552405,0.9404377887878519,0.9555990615676857,0.9705742889009102,1.0671495397615813,1.3283964542829218e-05
885,0.5168664230946624,0.45813225511934264,0.8720735857792713,0.9417738678835497,0.9569177601588567,0.9712034062540275,1.0683567224988684,1.3243629597187331e-05
886,0.4906956164358235,0.48897933294571594,0.8786978634884587,0.9442426787026346,0.9586075937288281,0.9719734343540368,1.0695639052361552,1.3203318902815082e-05
887,0.5211103318200642,0.4649705299462075,0.870918036822225,0.9401374083236891,0.9555851112041881,0.9708610775323747,1.070771087973442,1.3163032688047201e-05
888,0.4826378011537011,0.49594541540877524,0.8805661022061111,0.9449569830280055,0.9595056341066271,0.9731332428516616,1.0719782707107288,1.3122771181079745e-05
889,0.46877037225052,0.516071027197123,0.8838843732811832,0.9454772199474424,0.9593490267677076,0.972890438794842,1.0731854534480156,1.3082534609968817e-05
890,0.4961810316531125,0.48502445822971607,0.8774704990472483,0.9424656279430582,0.957120924565155,0.9714527531519049,1.0743926361853025,1.3042323202629278e-05
891,0.5058765195063795,0.482647102059362,0.8738264020615208,0.9400426363474862,0.955318750632764,0.9717381379453941,1.0755998189225895,1.3002137186833445e-05
892,0.5228181639879254,0.4645413826168052,0.8711893852615502,0.9400897289041619,0.9554839633447881,0.9700525009545629,1.0768070016598763,1.2961976790209832e-05
893,0.5276027329670219,0.46155177002927866,0.8693904544322388,0.9382075602240335,0.95370648710395,0.9694945695065939,1.0780141843971631,1.2921842240241799e-05
894,0.4918675366438413,0.4828510615368035,0.8776924149283774,0.943169730753733,0.9578599705526815,0.972687707558718,1.07922136713445,1.2881733764266328e-05
895,0.5022797977137029,0.48574371706659975,0.8765601753637586,0.9424408734214542,0.9570265269177071,0.9707561655496484,1.0804285498717368,1.2841651589472707e-05
896,0.49437997941281064,0.48850755667506296,0.8786081711728048,0.944043403987288,0.9583577488714773,0.9717854995562257,1.0816357326090238,1.2801595942901218e-05
897,0.47805859635504344,0.5006927492247806,0.881847679762476,0.9452948870721378,0.9594961393773965,0.9732022321296536,1.0828429153463106,1.2761567051441923e-05
898,0.5014396224840213,0.4648468082885328,0.8752809310311933,0.9438490890012401,0.9585958218067347,0.9726471429934179,1.0840500980835974,1.2721565141833288e-05
899,0.4599649689561481,0.5031674938465884,0.8842698751235221,0.9470018962300505,0.9610462077306666,0.9752335949393168,1.0852572808208842,1.2681590440660976e-05
900,0.49409017522172644,0.4843807665946117,0.8780646325017823,0.9438204391864485,0.9583623226166037,0.9724069742250675,1.086464463558171,1.26416431743565e-05
901,0.5256416865197504,0.4604451168531274,0.8705471602874397,0.9403050158824668,0.9557132511013721,0.9704335164420984,1.0876716462954579,1.2601723569196013e-05
902,0.5228755119380353,0.46219693677320794,0.8704532162487323,0.940620971996821,0.9559787850946113,0.9705103655936138,1.088878829032745,1.256183185129895e-05
903,0.49278294068631023,0.47401917344719247,0.8786956019700334,0.9442065614976988,0.9586020053421077,0.9723065442250747,1.0900860117700317,1.2521968246626798e-05
904,0.46885879117341245,0.5003824196235899,0.883547805515544,0.9465053276225543,0.9605574686876973,0.9740038729001917,1.0912931945073185,1.2482132980981793e-05
905,0.502748217399912,0.4791138377641445,0.8749768491557818,0.9411290738325769,0.9563122089437678,0.9715946301497501,1.0925003772446054,1.2442326280005649e-05
906,0.5118291160063796,0.47648349296377546,0.874384523302678,0.9406001745004114,0.9555873542568364,0.9704408903721212,1.0937075599818922,1.2402548369178288e-05
907,0.4890541072333792,0.48370131083642576,0.8797649255654904,0.9449612314295588,0.9589077974373221,0.9721574647397895,1.0949147427191792,1.2362799473816553e-05
908,0.48702765413892907,0.492380800679622,0.8796394050412275,0.9447146912663397,0.9587715563735083,0.9724360969146679,1.096121925456466,1.2323079819072918e-05
909,0.4848761966571452,0.5002622331777417,0.8807315455139861,0.9446530074595879,0.9588009297042415,0.9722682778994793,1.0973291081937528,1.2283389629934239e-05
910,0.5211957370675178,0.4802395209580838,0.8725559508714282,0.9398620560687029,0.9549979152891832,0.969717786447376,1.0985362909310397,1.2243729131220464e-05
911,0.5177647342305476,0.47613958279680657,0.8723180505715157,0.9409811137653744,0.9561059570009351,0.9707551341846291,1.0997434736683265,1.2204098547583375e-05
912,0.5083800901264703,0.47358220725236244,0.8750599980342593,0.9418789618980277,0.9567785134991998,0.9713631648808008,1.1009506564056133,1.2164498103505283e-05
913,0.4722115660886987,0.5140343862455018,0.8833844022834116,0.9455524223090542,0.9595575889858966,0.9733843641247939,1.1021578391429003,1.2124928023297793e-05
914,0.4980683654214231,0.480287906566171,0.8757676217915389,0.9422116856912531,0.9570837765513426,0.9724939300995511,1.1033650218801871,1.2085388531100515e-05
915,0.4945161020238907,0.4939870368170238,0.877513552404699,0.9429677786270395,0.9576504648515366,0.9721814290308206,1.104572204617474,1.204587985087979e-05
916,0.5107669152237645,0.47562744437825377,0.8734531981547127,0.9418568490458765,0.9570148393768149,0.9713495858024291,1.1057793873547608,1.200640220642744e-05
917,0.5017291829960913,0.4832759662629076,0.8756085314679974,0.942743632135807,0.9576681646881837,0.9718070950473652,1.1069865700920476,1.1966955821359476e-05
918,0.46415583852262227,0.5128974365842552,0.8851162200263241,0.9462122665506041,0.9601741319886877,0.9738210250727538,1.1081937528293346,1.1927540919114863e-05
919,0.49508151298840664,0.4810911345319281,0.8784218310195124,0.944046562663995,0.9584800343495062,0.972130146462478,1.1094009355666214,1.1888157722954211e-05
920,0.5187229922704631,0.47673371359951966,0.8721354410251614,0.9400153476412546,0.9555013849146431,0.9705350103749292,1.1106081183039083,1.184880645595855e-05
921,0.5262922689179366,0.4614692375898257,0.8693545136670268,0.9389852427247521,0.9545925584211788,0.9703393189552334,1.111815301041195,1.1809487341028055e-05
922,0.5424557814661548,0.452047794984671,0.8671545103277203,0.9378400038162477,0.9535772551638602,0.9682297381100033,1.113022483778482,1.1770200600880773e-05
923,0.467065718309368,0.5039261217970229,0.8846077825700451,0.9471492587050948,0.9607290824213756,0.9736605655172546,1.114229666515769,1.1730946458051364e-05
924,0.47474115010997503,0.4952065492540529,0.8823710715529621,0.9460086930384125,0.9600253825270882,0.9734475865129083,1.1154368492530558,1.1691725134889853e-05
925,0.5227870051425916,0.46986735870818913,0.8711804876186476,0.9404979264992913,0.9558127216068796,0.9705233620776048,1.1166440319903426,1.1652536853560355e-05
926,0.4874615765793547,0.4954194311850975,0.8794951103849564,0.9439529008916497,0.9585029293790136,0.972626363170467,1.1178512147276294,1.161338183603984e-05
927,0.49767590666571027,0.48495785001797864,0.8771812413719361,0.9434877331128623,0.9581766836538884,0.9720025891351792,1.1190583974649162,1.1574260304116832e-05
928,0.5007492723555139,0.4843559743766213,0.8768628700577477,0.9425881598693355,0.9571667488725707,0.9713551380916082,1.120265580202203,1.1535172479390203e-05
929,0.5058412294602251,0.48080340102925884,0.8755650927715832,0.9424554747924256,0.9573430096425961,0.9713422348763141,1.12147276293949,1.149611858326789e-05
930,0.5027437665834712,0.4926679565014344,0.8761016674143147,0.9401219779905128,0.9550132190545274,0.9702986456434387,1.1226799456767769,1.1457098836965634e-05
931,0.5136940739022838,0.46233136677809,0.8725392230687667,0.941438591166733,0.9566210372508205,0.9712585262872582,1.1238871284140637,1.1418113461505756e-05
932,0.5043574716717263,0.47455105869740016,0.8754596127658072,0.9418461617741506,0.9568266989091444,0.971340585346023,1.1250943111513505,1.1379162677715876e-05
933,0.4955046453710333,0.4817396190068493,0.8769830589358149,0.9422047244094488,0.9571281317108089,0.971989501312336,1.1263014938886373,1.1340246706227685e-05
934,0.46321639561382494,0.5130316407179297,0.8848553390691881,0.9476815598471074,0.9611822923377187,0.9741991515515916,1.1275086766259244,1.1301365767475663e-05
935,0.5208527211137579,0.47648812259530154,0.8721652082283411,0.9397802415967991,0.9550890716391014,0.9698481238832638,1.1287158593632112,1.1262520081695876e-05
936,0.4960523427674676,0.4900547746320861,0.8763380324696516,0.9420340192787363,0.9568919287705846,0.9717374336112611,1.129923042100498,1.1223709868924692e-05
937,0.4978110586035535,0.4816242332120949,0.8773909565353528,0.9429206112218996,0.9575863856402757,0.9719380912059766,1.1311302248377848,1.1184935348997548e-05
938,0.5171504302789262,0.4783922273241499,0.871446387966217,0.9394284067585066,0.9550174000914137,0.9705892175731858,1.1323374075750716,1.1146196741547703e-05
939,0.5199725679893852,0.46690659766461323,0.8716062581735221,0.9409215437337126,0.9561794213385008,0.9706774596932006,1.1335445903123584,1.1107494266004992e-05
940,0.5046758003722047,0.47745396935284173,0.8758693687287817,0.9423446398592021,0.957070579331,0.9713212114039416,1.1347517730496455,1.1068828141594591e-05
941,0.4965182474928473,0.4870217035924562,0.8777136465836779,0.9428583425903658,0.9574825452449391,0.9718338085912896,1.1359589557869323,1.1030198587335777e-05
942,0.47448065138019935,0.49535923464742415,0.8834286412092557,0.9463137126949327,0.9599344388665327,0.9728882961165141,1.137166138524219,1.0991605822040656e-05
943,0.48518701509469087,0.4938574616091351,0.8804000438979468,0.9450559937397711,0.9590871135668513,0.972632493069373,1.138373321261506,1.0953050064312969e-05
944,0.4725645244197165,0.4973225612605996,0.883180244370046,0.9466039049608455,0.9604095725908757,0.973720204881678,1.1395805039987927,1.091453153254682e-05
945,0.5038352123216017,0.4791901459805624,0.8761684362072735,0.9422376502104641,0.9570259879497482,0.9712271838097775,1.1407876867360798,1.087605044492547e-05
946,0.46470971767811436,0.49864756493727147,0.8848207635453869,0.9475697561161933,0.9613023051507802,0.9743549588434139,1.1419948694733666,1.0837607019420055e-05
947,0.4811148156153111,0.5085591443509647,0.8824526591938946,0.9447316956832816,0.958321965180062,0.9713455759599332,1.1432020522106534,1.0799201473788402e-05
948,0.48272708613983834,0.4908604908604909,0.8810628857527613,0.9451893463283161,0.9592618361139504,0.9725841748672681,1.1444092349479402,1.0760834025573763e-05
949,0.46574450015855173,0.5019670076146532,0.8849456844371739,0.9476419353176186,0.961274750278211,0.9739722418937052,1.145616417685227,1.0722504892103583e-05
950,0.520589063378418,0.47703102303382444,0.8721237996245084,0.9402983507573306,0.9553829222873494,0.9698862166684324,1.1468236004225139,1.0684214290488298e-05
951,0.5095402805561069,0.4726879679426342,0.8749335428146539,0.942100877473472,0.9569491069204241,0.9710251444399794,1.148030783159801,1.0645962437620072e-05
952,0.48973081505162797,0.4759586781329439,0.8785116575625018,0.9440740525098574,0.958480999609617,0.9723925706960749,1.1492379658970877,1.0607749550171592e-05
953,0.4992641375692459,0.47818557250383004,0.8766594725181619,0.9432482820869519,0.9579323597379574,0.9721269681339295,1.1504451486343745,1.056957584459481e-05
954,0.5222687452295954,0.46130288429806615,0.8709037169419003,0.940300188835236,0.9556857735848336,0.9707477226165041,1.1516523313716613,1.0531441537119751e-05
955,0.5064813014326954,0.4846184846856529,0.8749848371823807,0.940478657916328,0.9555201729946159,0.9708415435414038,1.1528595141089482,1.0493346843753287e-05
956,0.5126756093720467,0.46489499993299294,0.8729200119906595,0.9409221351775019,0.9559648757687483,0.970776586137041,1.1540666968462352,1.0455291980277883e-05
957,0.5128585697591702,0.4731336375057859,0.8736591794144618,0.9411188796508261,0.9562559222259649,0.9707641234055913,1.155273879583522,1.0417277162250392e-05
958,0.48422393594905155,0.49917801012691526,0.8802772972213917,0.9445739903459911,0.9589279522056822,0.972916043747773,1.1564810623208088,1.0379302605000844e-05
959,0.48167817093856014,0.4863138198342689,0.8811386202388507,0.9456683859208825,0.9596215414123968,0.9726691063854151,1.1576882450580956,1.034136852363121e-05
960,0.4811889440182836,0.51180466805677,0.8820688286459069,0.944259445142035,0.9583866067714197,0.9721788613542076,1.1588954277953825,1.0303475133014204e-05
961,0.5057753246778817,0.4886847675542896,0.8755436255961268,0.9420291791873967,0.9570044177335538,0.9715033276186622,1.1601026105326693,1.0265622647792035e-05
962,0.4924568435173131,0.4860821386338573,0.8783615973976762,0.94383107803058,0.9582677518591095,0.9721575024411103,1.1613097932699563,1.022781128237522e-05
963,0.4769173172236334,0.5048778269962718,0.8821390801043063,0.9462213797290022,0.9601673787134288,0.973329744464934,1.1625169760072431,1.0190041250941342e-05
964,0.4861012260287725,0.4807175618096453,0.8799633306877499,0.9448014286150371,0.959229715498031,0.9728261699075064,1.16372415874453,1.015231276743388e-05
965,0.5116484845722815,0.4760670332547787,0.8737550787062267,0.9413547225167668,0.9565156806396903,0.971192747936783,1.1649313414818168,1.0114626045560961e-05
966,0.4779538587495076,0.4889190411578471,0.8814130547834492,0.9460972768103786,0.9603033972360661,0.9736354710262128,1.1661385242191036,1.0076981298794137e-05
967,0.5188943863017008,0.47116725884984867,0.8728691391780529,0.9407063154437766,0.9561646032703749,0.970543140384777,1.1673457069563906,1.003937874036722e-05
968,0.46762166166590174,0.5081234384495915,0.8847972611941438,0.9467591179029968,0.9603729981832894,0.9734411019342626,1.1685528896936774,1.0001818583275037e-05
969,0.47530668081997063,0.49698588939758065,0.8824558304730352,0.9462871818863169,0.9600614864639078,0.9732925333091461,1.1697600724309642,9.964301040272263e-06
970,0.4968877672487913,0.48108747044917255,0.8766383374056049,0.9429309088756425,0.9575958607006216,0.9724317238073686,1.170967255168251,9.92682632387217e-06
971,0.5035462194541195,0.47330014411109655,0.8757989097007598,0.9431919331609128,0.9578731524317798,0.9717798160931835,1.1721744379055379,9.889394646345444e-06
972,0.5328986080965766,0.4549666346394304,0.8689827832723427,0.9389482887309559,0.954509965619995,0.9693815607873231,1.173381620642825,9.852006219718982e-06
973,0.4519503036634908,0.5089064686255516,0.8877706932208712,0.9489673311898333,0.9623379610409813,0.9750157231353889,1.1745888033801117,9.814661255774701e-06
974,0.5037856891913075,0.4758621609367082,0.8738404027637505,0.9410450169059206,0.9566259562679822,0.9723787231686526,1.1757959861173986,9.777359966048342e-06
975,0.4618114590254168,0.5036122053815851,0.885073995690943,0.9476383714170344,0.9614332721435792,0.9744874045520977,1.1770031688546854,9.74010256182822e-06
976,0.49324870438549245,0.4734334334334334,0.8778535315211613,0.9446469528764628,0.9592094248983242,0.9727238799915624,1.1782103515919722,9.702889254154097e-06
977,0.49999711541363695,0.49127816915637335,0.8775497543894476,0.9427035962118616,0.957068019854991,0.9710020166119964,1.179417534329259,9.665720253815951e-06
978,0.5086181976987707,0.48687210806341924,0.8752962526190449,0.9408076771886438,0.955617445796743,0.9703642428336444,1.180624717066546,9.628595771352779e-06
979,0.4995854130523568,0.48780810850187417,0.8764893818027747,0.9422006302019814,0.956954647214763,0.9717315667828972,1.1818318998038329,9.591516017051419e-06
980,0.4974316062735834,0.4929180718111486,0.8777844367378645,0.9430811602113987,0.9576047975050531,0.9715443973439656,1.1830390825411197,9.554481200945349e-06
981,0.4801013935729791,0.49434661473126135,0.8815798390876352,0.9452183981115849,0.9596077319641751,0.9733947660050913,1.1842462652784065,9.5174915328135e-06
982,0.47370478250618464,0.4950493715732895,0.8829563636120782,0.9458783615531909,0.959753429650075,0.9731972572340118,1.1854534480156933,9.480547222179075e-06
983,0.4938276533212384,0.4867690427482133,0.8780518987365926,0.9432945527125762,0.9578263134494398,0.9719344577614353,1.1866606307529803,9.443648478308343e-06
984,0.4982187875832828,0.46950159666922675,0.8767976765331952,0.9436097506986525,0.9582602240840234,0.9721216423414424,1.1878678134902672,9.406795510209475e-06
985,0.5030414118201841,0.483012109385442,0.8758845482051331,0.9417959168090406,0.956767616993252,0.9714453426997929,1.189074996227554,9.36998852663135e-06
986,0.4537731209389862,0.516947778138177,0.8867056724488014,0.9473240563340484,0.9610724967232661,0.9745966013610975,1.1902821789648408,9.333227736062371e-06
987,0.5203616268025868,0.4691757561228974,0.8706879360962982,0.9395941328738251,0.9553811408894576,0.9711376167972391,1.1914893617021276,9.296513346729295e-06
988,0.4709133033312226,0.49402276652749255,0.8832450879717818,0.9460497635126107,0.9601006264339076,0.9739062219660328,1.1926965444394144,9.259845566596017e-06
989,0.5066171588429148,0.48236126951665553,0.8751736720765837,0.9422845702856619,0.9572222773562148,0.9711570758966059,1.1939037271767015,9.223224603362462e-06
990,0.5020276478479615,0.4787309698150977,0.8764566695396786,0.9432088584215997,0.9577800876411808,0.9716507219277624,1.1951109099139883,9.18665066446334e-06
991,0.4952088413306951,0.47584169796442083,0.8774139378673383,0.9434852301351042,0.9580881230440425,0.9721271277001755,1.196318092651275,9.150123957067012e-06
992,0.5239327127328874,0.45961364963116275,0.8707611059453825,0.9402149112841789,0.9557327814171238,0.9705948055469107,1.197525275388562,9.113644688074276e-06
993,0.4987386091779945,0.49287415667540485,0.8777930868655025,0.9428339156935748,0.9572008160040609,0.9707194613915198,1.1987324581258487,9.077213064117244e-06
994,0.5072148762223406,0.4698680108774955,0.875265176493267,0.9423248880843068,0.9572215324743985,0.9712612142339775,1.1999396408631358,9.040829291558155e-06
995,0.503644954806701,0.48069205266902004,0.8759156757582119,0.9425276277365296,0.9574074780982192,0.9714761513942702,1.2011468236004226,9.00449357648819e-06
996,0.4850592301304354,0.4956653145629524,0.8803383483044409,0.9450446460952323,0.9592458837407282,0.9725824492553894,1.2023540063377094,8.968206124726303e-06
997,0.4837292896619526,0.4938038793103448,0.8798913743813447,0.9441761682265293,0.9585981758914126,0.9727185517856887,1.2035611890749962,8.93196714181807e-06
998,0.5138393333326173,0.4691718785122109,0.8723951771165022,0.9409700746035019,0.9561866691101796,0.9711684573034308,1.204768371812283,8.895776833034549e-06
999,0.508070236028881,0.48675884388196755,0.8739702296688328,0.9408914691708036,0.9559435729739424,0.9712665936590187,1.2059755545495698,8.859635403371069e-06
1000,0.4967480989545304,0.47803923656400565,0.8775713771633168,0.9436513913666826,0.9581936144034348,0.9717593560377191,1.2071827372868569,8.823543057546074e-06
1001,0.5094195045564408,0.48535458720495567,0.8752700758360535,0.941324681995549,0.956229335558545,0.9705830964749554,1.2083899200241437,8.787500000000002e-06
1002,0.5081308083365377,0.47139609031988294,0.8742553020964129,0.9427140779867109,0.9574067147802259,0.9715297363931623,1.2095971027614305,8.751506434894092e-06
1003,0.5040045726482874,0.45977620250414186,0.8740954584856018,0.9421188896908044,0.9572512248303567,0.9722422701080294,1.2108042854987173,8.715562566109264e-06
1004,0.4489960621635751,0.5007333568731835,0.8881879195912169,0.9498748087289292,0.9632177259003224,0.9755402125053814,1.2120114682360041,8.6796685972449e-06
1005,0.4870476122415005,0.4990757128810226,0.8806923344056846,0.9445277647391057,0.9586705897168764,0.9720854751737323,1.2132186509732912,8.643824731617757e-06
1006,0.5240727978002264,0.4529924884904289,0.8702666455542859,0.939771528428266,0.9554236243725903,0.9704537953637975,1.214425833710578,8.60803117226078e-06
1007,0.5024845981597537,0.4774224214028655,0.8765846340597552,0.9424512060587321,0.957096068618806,0.9712857246468094,1.2156330164478648,8.572288121921966e-06
1008,0.5244753041141923,0.4677563380828513,0.8705520341945949,0.9402673433789981,0.9558198883539221,0.9706277442508571,1.2168401991851516,8.536595783063205e-06
1009,0.5069487804216689,0.465426281664049,0.8750520242690829,0.9426100718984944,0.9576942462112968,0.9719059401214981,1.2180473819224384,8.500954357859141e-06
1010,0.4901252583396753,0.4835973154362416,0.8791822501964551,0.9443155961971254,0.9586952515628089,0.9724972381704419,1.2192545646597253,8.465364048196022e-06
1011,0.4999164207336445,0.47889709190018787,0.8762291086118454,0.9429642088151426,0.9579267309598472,0.9720917098430767,1.2204617473970123,8.429825055670563e-06
1012,0.4776716762773597,0.49984734850998874,0.8823733733609557,0.9455170748790727,0.9590674301941995,0.9724030791751078,1.2216689301342991,8.394337581588793e-06
1013,0.5020199005908977,0.4725632203911699,0.8767442348648504,0.9428801248826363,0.9574246391304015,0.9714357686465196,1.222876112871586,8.358901826964927e-06
1014,0.5091001711849619,0.47392818793704006,0.8738198563876198,0.9417016215101638,0.9567320451113177,0.9713596209030282,1.2240832956088727,8.323517992520223e-06
1015,0.5093462032391372,0.4860522875816993,0.8739079348383223,0.940278007122465,0.955424937790585,0.9707016802030408,1.2252904783461596,8.288186278681835e-06
1016,0.49733884218825003,0.4948004836759371,0.8780646312613145,0.9430003158749594,0.9576021368797852,0.9715512132556784,1.2264976610834466,8.252906885581696e-06
1017,0.49296907952558827,0.48260457025381515,0.8782765280921607,0.944406379185959,0.9588570752394294,0.9723830717963791,1.2277048438207334,8.217680013055371e-06
1018,0.45391938391952924,0.5140451294795702,0.8874965876529352,0.9486028944339131,0.9621291518480126,0.9750302100096787,1.2289120265580202,8.18250586064093e-06
1019,0.5075793590518852,0.4758606102268521,0.8742898161158287,0.941994967621724,0.957115966155538,0.971428462337345,1.230119209295307,8.147384627577812e-06
1020,0.504666178594868,0.48078481608323964,0.8759767199381081,0.9426936912787531,0.9574407195031094,0.9713778488360446,1.2313263920325939,8.112316512805712e-06
1021,0.49547178919276175,0.49598791778843,0.8784265630815923,0.9434990503641066,0.9579344703513175,0.9716788989950085,1.2325335747698807,8.077301714963437e-06
1022,0.4982473586004163,0.48273316601124727,0.8767356405215034,0.9423454292095367,0.9570408689178613,0.9719701452650467,1.2337407575071677,8.042340432387768e-06
1023,0.5206743059338049,0.46443801903856563,0.8722217558693687,0.9407768972187988,0.9557789385724261,0.9701161091418302,1.2349479402444545,8.0074328631124e-06
1024,0.4938023117188395,0.4825084700724108,0.8776754000687469,0.9432093343008823,0.9576585952717412,0.9717688958484513,1.2361551229817413,7.972579204866738e-06
1025,0.48652497249456716,0.48989215673396475,0.8796310253176391,0.9448312443593887,0.9591758077164516,0.9724700010112555,1.2373623057190282,7.93777965507483e-06
1026,0.4780491896430227,0.5023808271072293,0.8820190828182093,0.946175418367308,0.960271809889619,0.9734022244197457,1.238569488456315,7.903034410854227e-06
1027,0.4902275259122516,0.48480961923847693,0.8792996839646406,0.9443665170460618,0.9589077695842685,0.9726646590024275,1.239776671193602,7.868343669014874e-06
1028,0.5082676838658812,0.46773558146864164,0.8744610022352063,0.9419209030920672,0.9569985244966014,0.9712124133165614,1.2409838539308888,7.833707626058008e-06
1029,0.5109351797825161,0.4731142393215153,0.8736148044356802,0.9420427494497398,0.9568458488516598,0.9711478439150661,1.2421910366681757,7.799126478175021e-06
1030,0.4914032806900006,0.48927998706321507,0.878818140331515,0.9445349301244756,0.9589224714874637,0.9723686647559655,1.2433982194054625,7.764600421246346e-06
1031,0.5129199028752578,0.4784081509394325,0.8734136129053198,0.9411363753525039,0.9561615876185912,0.9708116230360494,1.2446054021427493,7.730129650840374e-06
1032,0.5142084491130636,0.4647482801537262,0.8727283831976463,0.9398603080323359,0.9552256610270099,0.9709488804506636,1.2458125848800363,7.695714362212342e-06
1033,0.5412366274852667,0.437920554235736,0.866761375291353,0.9384979110355901,0.9541191096117169,0.9691926646293817,1.2470197676173231,7.661354750303211e-06
1034,0.48088667877878516,0.49679508446909876,0.881586611639379,0.9452368993485721,0.9593645379560329,0.9729278349334153,1.24822695035461,7.62705100973855e-06
1035,0.5163581177324329,0.46278187453243563,0.8724669111540863,0.9411874757787548,0.9563158507646754,0.970839052569886,1.2494341330918968,7.592803334827469e-06
1036,0.5230534818264123,0.46021135217356496,0.8699490538990279,0.9393170664666235,0.9551248647131919,0.9706797458230496,1.2506413158291836,7.5586119195614995e-06
1037,0.5284983111705176,0.4588651552876425,0.8695364453424903,0.9396693315202652,0.9551867243690867,0.9699936593545528,1.2518484985664704,7.524476957613511e-06
1038,0.5133048380196383,0.4706912211881475,0.8739079573602434,0.9418540966150017,0.95688602299921,0.970920846230473,1.2530556813037574,7.490398642336568e-06
1039,0.4994934726685112,0.48597137123034595,0.877078226071284,0.943005819414851,0.9576536378979846,0.9717821385204023,1.2542628640410443,7.4563771667628945e-06
1040,0.5284836561602346,0.46676672104404565,0.8705400400199527,0.9401382542203467,0.9553616989559265,0.9697977406118428,1.255470046778331,7.422412723602742e-06
1041,0.5042145054954168,0.4760266695000797,0.8754122427629023,0.9422101271163386,0.9569721168779227,0.9712978810125398,1.2566772295156179,7.388505505243314e-06
1042,0.5004685781883702,0.47816898600422664,0.8762536283275378,0.9422703379630204,0.9570871819933776,0.9717952119916882,1.2578844122529047,7.354655703747665e-06
1043,0.481915097164269,0.49917711598746084,0.8812080005268277,0.9454647488358732,0.9596652353879294,0.9729494999432133,1.2590915949901917,7.3208635108536284e-06
1044,0.4963881190246994,0.48005481734270244,0.8778547333736777,0.9436479497845647,0.9580640788968793,0.9717060915614626,1.2602987777274786,7.2871291179727146e-06
1045,0.4860486738828333,0.49623882787723117,0.8801433944971646,0.9449009986061521,0.9590075038664961,0.9726433467626449,1.2615059604647654,7.253452716189033e-06
1046,0.4747336319739696,0.49462437129094927,0.8820237047949636,0.9466718444971557,0.9606300414671707,0.9738382799425223,1.2627131432020522,7.2198344962582126e-06
1047,0.48358652476473635,0.4883720930232558,0.8795038940215316,0.9439852638008704,0.9585735282889212,0.9732228754676644,1.263920325939339,7.186274648606318e-06
1048,0.4850159062376553,0.49202061396031943,0.8796789453898016,0.9443993870498051,0.9587918850890133,0.972597576823918,1.2651275086766258,7.152773363328773e-06
1049,0.5033676160582964,0.4757030191985979,0.8766632592579866,0.9431172730804215,0.9576937283636707,0.9714083096866807,1.2663346914139129,7.119330830189278e-06
1050,0.4927763624226794,0.47788032467790414,0.8778238625999544,0.9440666295483825,0.9586879227735954,0.9724363314783742,1.2675418741511997,7.085947238618742e-06
1051,0.4781275554056091,0.49923593729416416,0.8821733949964293,0.9459935536350548,0.9600195529552841,0.9732454850622295,1.2687490568884865,7.052622777714211e-06
1052,0.5004607668097293,0.46956171555137927,0.8766433980179501,0.9434471636264737,0.957916032464775,0.9721386957787204,1.2699562396257733,7.019357636237788e-06
1053,0.48062730543395876,0.4987114079840109,0.881938877564264,0.9459481383080247,0.959662704320408,0.972672026140797,1.2711634223630601,6.98615200261557e-06
1054,0.486617310362032,0.49854843308535735,0.8798925940875221,0.9449907298468397,0.9591788829441587,0.9727630209153357,1.2723706051003472,6.953006064936579e-06
1055,0.4923723735864171,0.4902525446896607,0.8786024942235067,0.9436408944235485,0.958156332286995,0.9720905418212393,1.273577787837634,6.919920010951704e-06
1056,0.49821266097591466,0.48254385388607846,0.8760699103586038,0.9421847369004014,0.9569572341408825,0.9721126265654779,1.2747849705749208,6.886894028072606e-06
1057,0.5268174549145984,0.46570406747090853,0.8703533155121552,0.9385999654519825,0.9543431725196289,0.9699556315654355,1.2759921533122076,6.853928303370717e-06
1058,0.48490187180353117,0.4915738208019214,0.8810496199773522,0.9449947387350259,0.9588724579695047,0.9720900148536529,1.2771993360494944,6.821023023576121e-06
1059,0.4720036821378937,0.5067611416462486,0.8829294552896124,0.9458267632359623,0.9599007708490029,0.9737781527876939,1.2784065187867812,6.788178375076533e-06
1060,0.5160624579726554,0.47677554295636615,0.8712986109321444,0.9393374509989205,0.9546951791623596,0.9710732560769929,1.2796137015240683,6.755394543916208e-06
1061,0.48363575344175014,0.490511734247865,0.8800631377234537,0.9445101863975234,0.9589146724587448,0.9730786702141873,1.280820884261355,6.722671715794923e-06
1062,0.47513640440970806,0.5069085796176621,0.8820714690023224,0.9450270750627838,0.9590232550592138,0.9733344278537631,1.282028066998642,6.690010076066922e-06
1063,0.5072808141908598,0.46300292082204036,0.8746196401232423,0.9418493221290226,0.9568833206705788,0.9712711369371915,1.2832352497359287,6.657409809739847e-06
1064,0.526295834046132,0.46015005756176314,0.8704246106391731,0.9390107147594929,0.954402862359194,0.9696547169469186,1.2844424324732155,6.624871101473684e-06
1065,0.5038553796056905,0.48101753453772583,0.8758557853762784,0.9427692337047779,0.9571973744466493,0.9711122347733171,1.2856496152105026,6.592394135579741e-06
1066,0.49683346726580985,0.48620352767215885,0.8772729658166551,0.9427914410438683,0.9573063619665562,0.9715025882016173,1.2868567979477894,6.559979096019609e-06
1067,0.5057133119499684,0.4738738014890996,0.8750217102111473,0.9422479754631671,0.9572943446569977,0.9717261478737353,1.2880639806850762,6.527626166404093e-06
1068,0.48401342865826297,0.49667645084437895,0.8802909049262001,0.9446039903986104,0.9588390526501649,0.9727677484932213,1.289271163422363,6.495335529992174e-06
1069,0.5122306815010926,0.4670764881587369,0.8738651086984542,0.9415570961677457,0.9565693127492607,0.9708071918857838,1.2904783461596498,6.463107369689991e-06
1070,0.5073377278262046,0.47505956798562554,0.8748946309769177,0.9424596829239653,0.9573301995495982,0.9716222008593721,1.2916855288969367,6.430941868049798e-06
1071,0.49226127678262166,0.4981675740273536,0.8790153356406931,0.9434095678137623,0.957688861406688,0.9713564851791735,1.2928927116342237,6.398839207268935e-06
1072,0.49945582471556244,0.48286108055481797,0.8763680169684219,0.9436565536424928,0.9582032335076694,0.9720845786483873,1.2940998943715105,6.366799569188763e-06
1073,0.4885087327158523,0.487406821030411,0.8793399672406704,0.9447804008772708,0.9589935998153114,0.9723863845586601,1.2953070771087973,6.334823135293679e-06
1074,0.5012312514880184,0.47442160567794267,0.8758313819118014,0.9432398750326827,0.9579723919179659,0.9718833078551158,1.2965142598460841,6.302910086710061e-06
1075,0.48297519981909454,0.5133485169063245,0.8803056772727706,0.943211997976153,0.9576758217105326,0.9726255596605283,1.297721442583371,6.271060604205254e-06
1076,0.4584282342121049,0.502646006502782,0.8870439060522352,0.9487355461673123,0.9621704277971758,0.9744961561443465,1.298928625320658,6.239274868186533e-06
1077,0.46483750649369343,0.5067308729901802,0.8854332215594697,0.9476524147831673,0.9610156435683257,0.973894932568193,1.3001358080579448,6.207553058700099e-06
1078,0.49746134093345246,0.4787390905830311,0.8773624347108953,0.9438504154067014,0.9582216546015455,0.9718960948715599,1.3013429907952316,6.175895355430042e-06
1079,0.48778378549651913,0.5004620762626736,0.8799165858186352,0.9437908234860908,0.9581727104743752,0.9719507413692938,1.3025501735325185,6.144301937697332e-06
1080,0.494136312415778,0.48886834704718257,0.87779168946815,0.944220170168306,0.9587710979379819,0.9721692973131973,1.3037573562698053,6.112772984458804e-06
1081,0.4570931277813222,0.5174082520152736,0.8874558853563241,0.9480616278470527,0.9613270371946808,0.9739673499147768,1.3049645390070923,6.081308674306144e-06
1082,0.5279657299695822,0.4623232027275391,0.8693717167552379,0.9390538146722863,0.9548429769103903,0.9702570475230591,1.3061717217443791,6.0499091854648695e-06
1083,0.4721620472062482,0.49408612086490483,0.8825318456744868,0.9466518129887586,0.9607379872311828,0.9742914910190615,1.307378904481666,6.018574695793328e-06
1084,0.47728025339732294,0.49329947997990525,0.880632814737043,0.9455454805765009,0.9597957430562184,0.9737701632146607,1.3085860872189528,5.987305382781698e-06
1085,0.48822888834898903,0.48508528361761205,0.8793683000946767,0.9448231301346853,0.959070450172556,0.9726201020065357,1.3097932699562396,5.956101423550945e-06
1086,0.5079700767778629,0.4806919987642879,0.874442531061711,0.9406562860350213,0.9555953080970454,0.9710698439850629,1.3110004526935264,5.924962994851884e-06
1087,0.48456333098705684,0.48918554904135636,0.8794264018948098,0.9451022584399132,0.9596398257553989,0.9734852643406686,1.3122076354308134,5.893890273064116e-06
1088,0.5309345165202528,0.4699923597755355,0.8688451503455413,0.9384221474824986,0.9541550396329501,0.9697437772497415,1.3134148181681002,5.862883434195067e-06
1089,0.5105321544343009,0.47543982923886674,0.874264557092514,0.9422240633483127,0.9567439303290737,0.9705278771519221,1.314622000905387,5.831942653878958e-06
1090,0.4996278437426921,0.4793821302910758,0.8760249881883564,0.9427514687003374,0.9578703725798061,0.9723421415583734,1.3158291836426739,5.801068107375842e-06
1091,0.5091362127113054,0.4818489960670669,0.8730057964595012,0.940724710177025,0.9562306211910617,0.9718835438591132,1.3170363663799607,5.770259969570612e-06
1092,0.5292128847474519,0.4656227453704941,0.8706590424593315,0.9392778622968958,0.9545237334452483,0.9690838074617398,1.3182435491172477,5.739518414971978e-06
1093,0.49177038062020384,0.4875575560039319,0.8782477246244449,0.9445883901210957,0.9589034297880706,0.9722870375407143,1.3194507318545345,5.708843617711515e-06
1094,0.4996159171020615,0.5010139568173685,0.8769806279225116,0.9420841683366733,0.9568766103635843,0.9711480103063269,1.3206579145918214,5.678235751542635e-06
1095,0.4963469994646539,0.4857421367299194,0.876515600556273,0.9432139560765763,0.957906321258162,0.971932456926544,1.3218650973291082,5.647694989839643e-06
1096,0.47977866534457525,0.490944954857158,0.8808454387538893,0.9456076889304599,0.9598383186668449,0.9733225800293966,1.323072280066395,5.617221505596751e-06
1097,0.5358812104123086,0.4515702349459127,0.8682727765519663,0.9389329587185732,0.9544010871971843,0.9694521640873728,1.3242794628036818,5.586815471427073e-06
1098,0.4948445631459247,0.4799179996223667,0.8788660064331263,0.9441772191757163,0.9585615827284585,0.9719201956464281,1.3254866455409688,5.556477059561654e-06
1099,0.5164577025133466,0.46407756631680025,0.8713918150532627,0.9400186672214662,0.9554506187095949,0.9711068440752567,1.3266938282782557,5.526206441848507e-06
1100,0.4543374955622403,0.5186355437945153,0.8869010694523709,0.9489419044765066,0.9622971752943714,0.9749643547688261,1.3279010110155425,5.4960037897516465e-06
1101,0.4989110788778258,0.4707632772884975,0.875745965201654,0.9434374152854618,0.9583089928181162,0.9725238537049128,1.3291081937528293,5.465869274350095e-06
1102,0.4775504523667815,0.5019451018798118,0.8825948597083001,0.9455178698371652,0.9592431261599531,0.9727851755017916,1.330315376490116,5.435803066336914e-06
1103,0.5254823175871031,0.4770590447536668,0.8682635302113232,0.9361190946864228,0.9525169500504469,0.9707236380540206,1.3315225592274031,5.405805336018256e-06
1104,0.4681247930439878,0.4863215012434999,0.8841380323839042,0.9478380194059134,0.9614009741127253,0.973936186455558,1.33272974196469,5.375876253312389e-06
1105,0.4929194910140667,0.4823907353057825,0.8781071425503504,0.9439948382515341,0.9584740771990642,0.9723806369528886,1.3339369247019768,5.346015987748749e-06
1106,0.4721688387079379,0.5017175674950352,0.8827320780501026,0.9455744920034622,0.959672332332275,0.973574541626944,1.3351441074392636,5.316224708466939e-06
1107,0.4894757898409013,0.4857522417801395,0.8792959279127928,0.9444330959699128,0.9587417193257097,0.9723611614898532,1.3363512901765504,5.286502584215817e-06
1108,0.4840569564335881,0.48434266235610807,0.8801415163667667,0.9448842043378756,0.9593803743865683,0.97303286714755,1.3375584729138372,5.256849783352518e-06
1109,0.4944282498734052,0.489222712967126,0.8778659763505645,0.943517595806177,0.9579233626946764,0.9720141346803661,1.3387656556511243,5.2272664738415e-06
1110,0.4645493369415928,0.49954401587897646,0.8845369637999682,0.9471773974256101,0.9610864684717864,0.9742875870748111,1.339972838388411,5.197752823253602e-06
1111,0.46794737510774714,0.5065920414624047,0.885118552720379,0.9469450444972427,0.960521882066795,0.9736042527966491,1.341180021125698,5.1683089987650825e-06
1112,0.5293870545089004,0.4713550415933128,0.8693771774924832,0.9366229179592421,0.9523218632176776,0.9689571899012075,1.3423872038629847,5.1389351671566835e-06
1113,0.5021612763166187,0.48585950214775486,0.8759161648862891,0.9418914932353927,0.9569186499999522,0.9719935423323789,1.3435943866002715,5.109631494812682e-06
1114,0.48182426814673157,0.4891478669945472,0.8802852936852376,0.9453537149087049,0.9597100475234897,0.9734219776568953,1.3448015693375586,5.0803981477199406e-06
1115,0.49752823463211565,0.4708006507850425,0.8768727092241906,0.9441909743433109,0.9587927611484423,0.972317883323152,1.3460087520748454,5.051235291466981e-06
1116,0.47682690402805034,0.49860720485527044,0.8821120989887771,0.9456498714741259,0.9594117770538855,0.9731803617807752,1.3472159348121322,5.022143091243036e-06
1117,0.5017036458278662,0.4735105066340178,0.8754347811565727,0.9428479275073692,0.9576340652765757,0.9719497567134028,1.348423117549419,4.9931217118371135e-06
1118,0.473874000877136,0.5093959116325969,0.8829146203339081,0.9468451250127623,0.960581595838983,0.973263690431321,1.3496303002867058,4.964171317637075e-06
1119,0.5291852917885063,0.46106494715149904,0.8693813963567077,0.939527611069056,0.9550588075821258,0.969948518904244,1.3508374830239926,4.935292072628675e-06
1120,0.5070858939219671,0.4776231715688863,0.8740971097007536,0.9409203012228226,0.9557990740272178,0.9707055362631298,1.3520446657612797,4.90648414039468e-06
1121,0.5333075658993922,0.4463680356080014,0.8684007523175773,0.9398031372024861,0.955144496529601,0.9697459496099978,1.3532518484985665,4.877747684113898e-06
1122,0.523631897949188,0.46509700105624857,0.8701512558221184,0.9393736440498475,0.9547434642487106,0.9702449439874523,1.3544590312358533,4.849082866560277e-06
1123,0.47668380492112034,0.49277472231208885,0.8826322717107342,0.9464432127199994,0.9601287806405243,0.9729801187966093,1.3556662139731401,4.820489850101966e-06
1124,0.5003792557340555,0.4897692124672853,0.8762038546251303,0.942443056674212,0.9574122708238698,0.9717697760439132,1.356873396710427,4.791968796700411e-06
1125,0.48839998141089674,0.4994348629708921,0.8807558829114317,0.9443106967317529,0.9583327369553041,0.9717507655108384,1.358080579447714,4.763519867909445e-06
1126,0.4946908448709912,0.4978549244617571,0.8787562996660855,0.9435103299731933,0.9579796406625612,0.9718276928597264,1.3592877621850008,4.735143224874351e-06
1127,0.4833143634207533,0.4927740477298411,0.8806958533614841,0.9452444038896928,0.9595806782909481,0.9731762769974381,1.3604949449222876,4.70683902833095e-06
1128,0.47491837971904677,0.49893168099994656,0.8813660383190597,0.9453376696600551,0.959630757136765,0.9741003378175327,1.3617021276595744,4.678607438604707e-06
1129,0.5093525258948584,0.4766336685798536,0.8735899232368433,0.941056929970085,0.9563599258522505,0.9715836958949561,1.3629093103968613,4.650448615609822e-06
1130,0.4954615610820259,0.4987333755541482,0.8779738975779221,0.9435755411274008,0.9580052869290274,0.971583472475606,1.3641164931341483,4.622362718848314e-06
1131,0.5041103128435721,0.4862658736961481,0.8757167288913321,0.9422303152461883,0.9571298777647984,0.9713022133657054,1.365323675871435,4.594349907409108e-06
1132,0.4986840688538031,0.47674169058668886,0.8745619794330736,0.9412899753410644,0.9567791078503973,0.9730927496621802,1.366530858608722,4.566410339967159e-06
1133,0.5070261713293516,0.47109308562831165,0.8740228901731897,0.9423668710238898,0.9572339306191155,0.9715586686004378,1.3677380413460087,4.538544174782533e-06
1134,0.4765015528620904,0.48464295195115475,0.8823115091579077,0.9463476693170246,0.9601186505221024,0.9731719258663292,1.3689452240832956,4.510751569699534e-06
1135,0.5122260308889006,0.46916736574388473,0.8742331962377533,0.9422058535513488,0.9570140869291067,0.9708335124651887,1.3701524068205824,4.483032682145785e-06
1136,0.5021741515983761,0.4715226807064865,0.8758215272582935,0.9439872982916813,0.9584952215929041,0.972118643420912,1.3713595895578694,4.455387669131333e-06
1137,0.49737666838913064,0.4763209341295067,0.8761621704736355,0.9434393656208605,0.9581050377672574,0.9722693112501445,1.3725667722951562,4.427816687247788e-06
1138,0.4776898372529079,0.5019147689330444,0.8820571906405597,0.9441849054586553,0.9582601490668051,0.9723554388001344,1.373773955032443,4.400319892667411e-06
1139,0.4833258233093646,0.47608166576527855,0.8800979096387554,0.9455799905525787,0.9598809052347302,0.973058626497631,1.3749811377697299,4.372897441142259e-06
1140,0.5087449398642259,0.4823142564266411,0.8753955975406662,0.9418884143096143,0.9567470483988195,0.9708502557195917,1.3761883205070167,4.34554948800325e-06
1141,0.49534748117620936,0.48013932614374705,0.8776660171175302,0.9435656426715574,0.9581527968821641,0.9722909980131438,1.3773955032443037,4.318276188159338e-06
1142,0.49628955385032575,0.48026852458577945,0.8771070056326791,0.9433134124949657,0.9579868182711817,0.9724846203620108,1.3786026859815905,4.291077696096607e-06
1143,0.501256436972109,0.46575857714730934,0.8758527149910803,0.9418421411820178,0.9567369137420384,0.971573462583625,1.3798098687188773,4.263954165877405e-06
1144,0.5087851290879305,0.4772891891535959,0.8747722963501574,0.941650611710528,0.9566082008620533,0.9711726463625147,1.3810170514561642,4.236905751139459e-06
1145,0.5045252904694786,0.4895947426067908,0.8759192888063785,0.941632502213169,0.9564490359941975,0.9707966739913727,1.382224234193451,4.209932605095028e-06
1146,0.5158428367286445,0.46943409102840045,0.8717797734365307,0.9403080652395904,0.955682696620635,0.9711164979051945,1.3834314169307378,4.183034880530009e-06
1147,0.5439618278568482,0.4681830999154056,0.8660355067982808,0.9354373267984335,0.9515426867904938,0.9679123819557367,1.3846385996680248,4.15621272980309e-06
1148,0.486073130531992,0.4805740618116461,0.8786815519598036,0.9443748711409089,0.958965538306467,0.9730989943263819,1.3858457824053116,4.12946630484488e-06
1149,0.4718156253668254,0.5063368515424427,0.8832190349308389,0.9463201513205235,0.9603365774611058,0.9738615172898204,1.3870529651425985,4.102795757157046e-06
1150,0.49818306055014794,0.49188320244558054,0.8784105702385634,0.9437425317721795,0.9581282950870991,0.9716197798757745,1.3882601478798853,4.0762012378114645e-06
1151,0.5207298521620778,0.4692892639597219,0.8717581836474049,0.940362987978672,0.9556955742346116,0.9706291677086932,1.389467330617172,4.0496828974493515e-06
1152,0.49870075596988794,0.48276129934359585,0.8762782903451145,0.9435653182985902,0.958336991499059,0.9722488367032992,1.3906745133544591,4.023240886280428e-06
1153,0.5240681359905988,0.4840380863790809,0.8715685676023182,0.9393254075750003,0.9543474030805154,0.968923956215018,1.391881696091746,3.996875354082033e-06
1154,0.5026676016773612,0.4799526734200101,0.8765905785067174,0.9430894541733955,0.9575253977162099,0.9711481562078852,1.3930888788290328,3.9705864501983365e-06
1155,0.4796055090958378,0.5002565002565003,0.8816802203216971,0.9450551759174023,0.9589780709628379,0.9727109347247316,1.3942960615663196,3.944374323539434e-06
1156,0.49183095931730203,0.4880955598194741,0.8783697917064198,0.9427927291878153,0.9574511322958089,0.971973102727127,1.3955032443036064,3.918239122580533e-06
1157,0.49644233306386554,0.47460722438565867,0.8770488594932757,0.9434773020402435,0.9579139510039877,0.9720546496186536,1.3967104270408932,3.892180995361096e-06
1158,0.5187426038383957,0.4776353111804192,0.8722833244893051,0.9405299545327872,0.9557801769060154,0.9701017763135291,1.3979176097781802,3.866200089484018e-06
1159,0.4941228660150828,0.48462468460891506,0.8777226046183273,0.9438120996169679,0.9582528393507057,0.972110683399875,1.399124792515467,3.840296552114793e-06
1160,0.5000002833531063,0.4845532319391635,0.8762580877924562,0.943024908348692,0.9578742814165222,0.9719801359331349,1.4003319752527539,3.814470529980666e-06
1161,0.49622623463176646,0.4901675843587932,0.8777509635469597,0.9434820902885727,0.958036205891306,0.9716007714101137,1.4015391579900407,3.788722169369792e-06
1162,0.5119111176071917,0.48197541982306513,0.8735802191112074,0.9405016026359759,0.955910573007965,0.971497985134943,1.4027463407273275,3.7630516161304344e-06
1163,0.5370505394111488,0.4663797528329451,0.8684889236203546,0.9376551108210461,0.9530781715600821,0.9682130756334915,1.4039535234646146,3.737459015670135e-06
1164,0.5322450282056941,0.4534611540686971,0.868769987112787,0.9390921674383085,0.9546876044102907,0.9697885542456207,1.4051607062019014,3.7119445129548718e-06
1165,0.4749119516158355,0.5020782726045884,0.8819011334994565,0.9451612256720401,0.9594156231479352,0.9736366178445282,1.4063678889391882,3.686508252508244e-06
1166,0.47541559161549085,0.4933556821991284,0.8815746023504889,0.9458417877001132,0.9599601825570586,0.9737884407252654,1.407575071676475,3.661150378410667e-06
1167,0.5302200245898413,0.4561961084067533,0.8695077618861335,0.9388017975898556,0.9543599187077199,0.9696327535374546,1.4087822544137618,3.6358710342985384e-06
1168,0.5060940371165277,0.4860177522053911,0.8750077548679095,0.940426388884912,0.955157297354564,0.9698471646771255,1.4099894371510486,3.6106703633634506e-06
1169,0.473686763727062,0.4985984487685399,0.8826562842937983,0.9456499957058201,0.9594009141831993,0.9731566039716393,1.4111966198883357,3.585548508351336e-06
1170,0.5108030704302824,0.47405169786822476,0.8738246705832383,0.9419233834597232,0.9569574824494004,0.9710790934298,1.4124038026256225,3.5605056115617025e-06
1171,0.5323477736700895,0.4606227348482844,0.8692757641298551,0.939296076049966,0.9548892194173942,0.9695674200236034,1.4136109853629093,3.535541814846803e-06
1172,0.4837741318017908,0.5004398592450416,0.8799922507918603,0.9437008576617433,0.9579710435377616,0.9723423890274266,1.4148181681001961,3.5106572596108414e-06
1173,0.5141269384750616,0.4587244812313573,0.8723962559157562,0.9426780167731614,0.9577120079112202,0.9716807333914966,1.416025350837483,3.485852086809165e-06
1174,0.4972922278063106,0.4752691339510471,0.8770825001741879,0.9433378606286609,0.9577816189264488,0.9715496235154655,1.41723253357477,3.4611264369474715e-06
1175,0.4809865155294248,0.4814123099993184,0.8810970198391114,0.9448407813498994,0.9589428683213573,0.9728321548195012,1.4184397163120568,3.43648045008101e-06
1176,0.5009592413732232,0.4688507554158118,0.8754824458873426,0.9425530392301857,0.9576697565467132,0.97232275331689,1.4196468990493436,3.4119142658137935e-06
1177,0.5307565186086827,0.4558143244536609,0.8700144835442893,0.9398226863062764,0.9552403142490216,0.9697133632163772,1.4208540817866304,3.387428023297795e-06
1178,0.4993752956822784,0.4827763293039425,0.8776724606970018,0.9435439993127345,0.9581722554718746,0.9717972948464629,1.4220612645239172,3.3630218612321732e-06
1179,0.48312728678830463,0.49792228818132755,0.8794341266592038,0.9435978039197722,0.9583735340458284,0.9734298341297131,1.4232684472612043,3.338695917862484e-06
1180,0.5145731395644454,0.471240399435299,0.8733276997187966,0.9419880930214793,0.9568608353981963,0.9710394018820092,1.424475629998491,3.314450330979889e-06
1181,0.492447691579915,0.49300434123123593,0.8789351033857027,0.9433646912754883,0.9577460484217564,0.9717597058402178,1.425682812735778,3.290285237920383e-06
1182,0.49753978125137266,0.4896492045530187,0.8773439185564077,0.9430509652524396,0.9576123295700804,0.9715245279704592,1.4268899954730647,3.2662007755640165e-06
1183,0.5052101331575595,0.4910296150181823,0.8747484621347212,0.9401492617101138,0.9553274478882274,0.9710068005910901,1.4280971782103515,3.2421970803341135e-06
1184,0.5148406106152864,0.470786189353189,0.8721620767636578,0.9407629017338502,0.9562189216201948,0.9713121913640647,1.4293043609476384,3.218274288196507e-06
1185,0.49917292509337885,0.47324899474999,0.876761050613475,0.9433333683245172,0.957870296588455,0.9718222358793873,1.4305115436849254,3.1944325346587603e-06
1186,0.4907530779836015,0.493900652550273,0.8785819118999352,0.943533532396077,0.9582541172471284,0.9726233025635933,1.4317187264222122,3.1706719547694143e-06
1187,0.5314891816813523,0.46026823579304493,0.8686103650974443,0.9391924339734147,0.9549282569821628,0.969940396345684,1.432925909159499,3.146992683117189e-06
1188,0.4967683494080627,0.48960801833650597,0.8776285668209669,0.9433564545110152,0.9580612563301738,0.9720761443456173,1.4341330918967858,3.123394853830275e-06
1189,0.5100258912374088,0.4765406850985173,0.8745586480164224,0.941295650928534,0.9559956079629541,0.9706669212775099,1.4353402746340727,3.0998786005755238e-06
1190,0.48812917784576676,0.49266652546860107,0.8777987122439902,0.9426102925034886,0.9575952979534491,0.9732083373897839,1.4365474573713597,3.0764440565577183e-06
1191,0.5184612727329775,0.4744072386236048,0.8719194710804373,0.93969492457094,0.9551872747816528,0.970486853356135,1.4377546401086465,3.053091354518797e-06
1192,0.5329020929754482,0.45446365957897245,0.8698724436212263,0.9392522293723385,0.9549189405946266,0.9695325478813802,1.4389618228459333,3.0298206267371273e-06
1193,0.503936177468872,0.4912554407677382,0.8751060042325294,0.9422506131055611,0.9573194490071892,0.971912698352064,1.4401690055832201,3.0066320050267443e-06
1194,0.5057345669870942,0.4864202819012944,0.874597536839574,0.9413620479386825,0.9565750122623631,0.9714854731554448,1.441376188320507,2.9835256207366036e-06
1195,0.5132910594033342,0.4569679269044238,0.8728174720558177,0.9413759014944914,0.9565545973117859,0.9714021805718037,1.4425833710577938,2.960501604749827e-06
1196,0.5106625066002217,0.4876365803589166,0.8742370292587466,0.9406166770082574,0.9557739487375304,0.9708853992649515,1.4437905537950808,2.9375600874829767e-06
1197,0.46692126720655125,0.5098160559337432,0.8845488844486938,0.9472930395171002,0.9609704943311177,0.9740725685638004,1.4449977365323676,2.914701198885324e-06
1198,0.45490155218908074,0.5050944569065701,0.8866065440363445,0.9479026246170784,0.9613543714838231,0.9746735089311013,1.4462049192696544,2.8919250684380906e-06
1199,0.49238128366639944,0.4897392075772006,0.8785696493791437,0.9442656087312123,0.9587078783043385,0.9726099823730444,1.4474121020069413,2.8692318251537163e-06
1200,0.5051866476231572,0.4702212665418973,0.8757323769048481,0.9420302027034121,0.9568757772333499,0.9714321708515185,1.448619284744228,2.8466215975751526e-06
1201,0.4892285554442811,0.49132401862940783,0.8802642972456148,0.9442516494710522,0.9584622566845226,0.9721592389950137,1.4498264674815151,2.824094513775106e-06
1202,0.521220380638402,0.4724939668370657,0.8718135956434377,0.9398567221736993,0.954996826124101,0.9698954291414308,1.451033650218802,2.801650701355348e-06
1203,0.5055724109887582,0.4706504565782074,0.8749977333222624,0.9419510989330867,0.9567422448603679,0.9716316930221638,1.4522408329560887,2.779290287445942e-06
1204,0.4953593101951173,0.4783671733815244,0.8773649457893586,0.9426076268040391,0.9574216710867991,0.9723807733307122,1.4534480156933756,2.7570133987045677e-06
1205,0.5024309000667504,0.48138646071650554,0.8761446353389342,0.9425134455289084,0.9571775649565049,0.9716565578682587,1.4546551984306624,2.734820161315785e-06
1206,0.5199651486725382,0.46149599779188516,0.8713881236243143,0.9412321369741359,0.9564631566885184,0.9709655702560626,1.4558623811679492,2.7127107009903197e-06
1207,0.5247860705882565,0.45868994042818867,0.8708285583314234,0.9405588662235465,0.9558025823210329,0.9701810680724272,1.4570695639052362,2.690685142964355e-06
1208,0.4789709660946932,0.490606829687521,0.8811134304664067,0.9453197148592232,0.9595156957175458,0.973053395205422,1.458276746642523,2.6687436119988186e-06
1209,0.5246477208687438,0.4742119586757207,0.8711023970049608,0.9391646994699308,0.9547078605458769,0.9698921056625674,1.4594839293798099,2.646886232378678e-06
1210,0.5009938947742173,0.4881489542414269,0.8771910902741124,0.9422358689292543,0.9569746943092022,0.9710969362676086,1.4606911121170967,2.6251131279122388e-06
1211,0.4824825298059711,0.4953306860194441,0.8811052513079615,0.944860503188335,0.959078263988796,0.9724946479475213,1.4618982948543835,2.6034244219304376e-06
1212,0.47718344673866553,0.5039770625231225,0.8817976321501727,0.9453456999602556,0.9597520942248311,0.9733674218105108,1.4631054775916705,2.581820237286147e-06
1213,0.5196771806850797,0.47017904751593564,0.8724377163570977,0.9391103004828456,0.9543782993413487,0.9699450344405662,1.4643126603289573,2.5603006963534832e-06
1214,0.5176731189337472,0.4689717999619286,0.8717465751790773,0.9403889844667661,0.9560176372194567,0.9712445766313521,1.4655198430662442,2.538865921027104e-06
1215,0.4859105984500983,0.4930394583480664,0.8789962051798913,0.9442277884674118,0.958860179585853,0.9730411245495083,1.466727025803531,2.5175160327215257e-06
1216,0.49379012919960447,0.47901972504482965,0.8785873734380473,0.9441757880983808,0.9584684965838174,0.9720053406781974,1.4679342085408178,2.4962511523704325e-06
1217,0.4991255708460603,0.487550366773427,0.8765751920965972,0.9435670309740849,0.9582427337374123,0.9721280962153391,1.4691413912781046,2.4750714004259947e-06
1218,0.498191863174636,0.49096112886048987,0.876507659353189,0.9423842986837648,0.9574616078201257,0.9723948419229723,1.4703485740153917,2.4539768968581814e-06
1219,0.5121306515966965,0.4635772958981538,0.8733378630362879,0.9420077144912959,0.9570215803446519,0.9711737211064436,1.4715557567526785,2.4329677611540805e-06
1220,0.5377684360337577,0.453410435011171,0.8678129360227751,0.9388123658804688,0.9545385524115492,0.9691693399050909,1.4727629394899653,2.4120441123172336e-06
1221,0.5161408905547605,0.4716767371601209,0.8724196861971998,0.940884537249173,0.9560240958107145,0.9704909335361356,1.473970122227252,2.391206068866933e-06
1222,0.4706948801768766,0.4988710571501967,0.8839143213930358,0.9462939413857283,0.9602076999321723,0.9735633817731194,1.475177304964539,2.3704537488376007e-06
1223,0.4909592022710162,0.4929502171734046,0.8778152137716112,0.9428402946152282,0.9574870874446928,0.9722665124698119,1.476384487701826,2.3497872697780635e-06
1224,0.503780899051637,0.4828654303001667,0.876331629712471,0.943227057418003,0.9576941574328889,0.9715314648213107,1.4775916704391128,2.3292067487509303e-06
1225,0.4886206038426708,0.49390557939914165,0.8796353372481588,0.9444914130204526,0.9587540625697769,0.972562505844566,1.4787988531763996,2.3087123023318963e-06
1226,0.48536051465544483,0.503128535790722,0.8785490886455894,0.9422646574735645,0.9570882484352505,0.9729515051763709,1.4800060359136864,2.2883040466091038e-06
1227,0.48801742788633634,0.49246278500094215,0.8781135572209334,0.9436489206271347,0.9584159209525546,0.9729586583158137,1.4812132186509732,2.267982097182491e-06
1228,0.5234550753470995,0.4650777668848202,0.8708880213056386,0.9402038926699822,0.955483433720564,0.9702036063038726,1.4824204013882603,2.2477465691631143e-06
1229,0.4773867454936262,0.49661161655238656,0.8822275833187859,0.9460675593560197,0.9601943349807736,0.9732374441115222,1.483627584125547,2.227597577172502e-06
1230,0.5121633034645263,0.4645703464057445,0.8737128240675762,0.941453247287681,0.9563689727703512,0.970696547766699,1.4848347668628339,2.207535235342015e-06
1231,0.49999844455730835,0.49223525091157105,0.8763872310762678,0.9425140609035264,0.9570829712670569,0.9716022268269625,1.4860419496001207,2.187559657312207e-06
1232,0.5118750794146494,0.47784421652872927,0.874185958833832,0.9411981426069361,0.9561336444896226,0.9705012384211205,1.4872491323374075,2.1676709562321566e-06
1233,0.47450017912290376,0.4985627044999934,0.8828512359241836,0.9462345074191705,0.9601083037657311,0.9736195610797176,1.4884563150746943,2.1478692447588374e-06
1234,0.5150057982713454,0.4688289367464389,0.8729322769667187,0.9412207433726366,0.9562285992635997,0.9705640481955329,1.4896634978119814,2.128154635056489e-06
1235,0.5385279198167561,0.4701525110403615,0.8661042827696771,0.9368577754027025,0.9531252385678296,0.9698822429193068,1.4908706805492682,2.1085272387959684e-06
1236,0.5191215596380894,0.469242055070869,0.8706850643339371,0.9403119255898471,0.9560933524461402,0.9711456422609356,1.492077863286555,2.088987167154137e-06
1237,0.48969604187379456,0.4887992594551706,0.8791370366094404,0.944334453176956,0.9586236705236231,0.9723146413908325,1.4932850460238418,2.069534530813195e-06
1238,0.4708515002419953,0.5043579392027377,0.883961574645678,0.9467195517805312,0.9602226212671436,0.9732762881443584,1.4944922287611286,2.050169439960094e-06
1239,0.47128221091785205,0.49583668351980814,0.8838152413039432,0.9467914425742905,0.9604875232045965,0.9735660871681564,1.4956994114984157,2.0308920042858886e-06
1240,0.4926610413097232,0.4912120274867878,0.8787486215146739,0.9436480922526262,0.9580597032011386,0.9717157706353052,1.4969065942357025,2.0117023329851236e-06
1241,0.5018705423603259,0.4732208856931658,0.8761400344503453,0.9427542144414702,0.9573894081888756,0.9712334845903892,1.4981137769729893,1.992600534755214e-06
1242,0.49013263006466334,0.4931259976314299,0.8790246901440855,0.9446015906398358,0.9586359179878243,0.9723103418319565,1.4993209597102761,1.973586717795825e-06
1243,0.49445839479740517,0.48276274679252806,0.8775842046351315,0.9434745642218687,0.9579876196737831,0.9718937776789608,1.500528142447563,1.9546609898082727e-06
1244,0.4799361373981613,0.5117210762817389,0.8817894025783701,0.9437097845251998,0.9578992161083252,0.9723796493477747,1.5017353251848498,1.9358234579948944e-06
1245,0.4882869038069434,0.49525886592072826,0.8804382181369904,0.9444550012843271,0.9586905019952427,0.9721191206226647,1.5029425079221368,1.9170742290584565e-06
1246,0.47067868005737157,0.5232761823876002,0.8837922591176597,0.9454100262038747,0.9592680097942351,0.9729436640558252,1.5041496906594236,1.8984134092015449e-06
1247,0.4724870671820715,0.4995201730080422,0.8827625856408042,0.9463273059270026,0.9600422497817795,0.9731068296810447,1.5053568733967104,1.8798411041259648e-06
1248,0.49746795482716943,0.48938964450107925,0.8771866209144589,0.9428644495421599,0.9575405262012817,0.9718377730532728,1.5065640561339972,1.8613574190321384e-06
1249,0.5156773339358728,0.4751890359168242,0.8723619864598591,0.9404596395975172,0.9559253622393237,0.9711229538308866,1.507771238871284,1.8429624586185148e-06
1250,0.5006434372372743,0.4914600768461498,0.8767459769884599,0.9426486460179271,0.9572424704816926,0.9712971259909019,1.508978421608571,1.8246563270809636e-06
1251,0.4777724372956621,0.493991086114501,0.8817591374275986,0.9458686547896181,0.9599775037573308,0.9733071959331071,1.510185604345858,1.8064391281122095e-06
1252,0.5063800163268861,0.46553694843168525,0.8752136752136752,0.9426792080058412,0.9574233942743156,0.9714269352460307,1.5113927870831447,1.7883109649012217e-06
1253,0.5034442879573858,0.47566733488077656,0.8751184650932402,0.942363689983651,0.9572867127260858,0.9717592579337015,1.5125999698204315,1.7702719401326416e-06
1254,0.4412121619655145,0.5276366538103471,0.890135213794288,0.9501216637880855,0.9630867295819536,0.9757731614454612,1.5138071525577184,1.7523221559861892e-06
1255,0.501160949756862,0.47523581772286433,0.8765761593514412,0.943231049085935,0.9578742319132582,0.9718738213121094,1.5150143352950052,1.7344617141360971e-06
1256,0.5050823139350206,0.4805392591807816,0.876321952822331,0.9422065914248817,0.956825441096686,0.9707966867124638,1.5162215180322922,1.7166907157505388e-06
1257,0.48065885923174556,0.498988643724964,0.8812897090248695,0.9452261325725242,0.9592697836162497,0.9729143153958824,1.517428700769579,1.699009261491035e-06
1258,0.46825031036836035,0.5126155483141585,0.884369910185497,0.9461122523851461,0.9601364058359867,0.9737130611259588,1.5186358835068658,1.6814174515119048e-06
1259,0.5130912805831876,0.46218229389149934,0.8732582502929155,0.9410104533606085,0.9558632705012193,0.9706903263478881,1.5198430662441527,1.6639153854596747e-06
1260,0.4904033868310781,0.4853816712736551,0.8784198734341484,0.9435348743120177,0.9583050252292002,0.9724520797868687,1.5210502489814395,1.6465031624725388e-06
1261,0.5210256784313579,0.4729580058447537,0.870761455917996,0.9389046344883677,0.9544417068632889,0.9698365438128067,1.5222574317187265,1.62918088117979e-06
1262,0.5106439835654295,0.475900906855617,0.8740238932048748,0.9417566152915366,0.956908636499404,0.9713955261553201,1.5234646144560133,1.6119486397012545e-06
1263,0.5057877798643311,0.48451802389136933,0.8751800127584639,0.9419480340887821,0.9567778384717347,0.9710184233747283,1.5246717971933001,1.5948065356467336e-06
1264,0.4795492956876835,0.49887414555689585,0.8823971853517643,0.9456475466324062,0.9596940616343821,0.9727555261143384,1.525878979930587,1.5777546661154583e-06
1265,0.49179745613964965,0.49319972319812627,0.8783526129052575,0.9439114278461782,0.9584240691507128,0.9725874451529419,1.5270861626678738,1.5607931276955478e-06
1266,0.5181460968036294,0.46979608558326397,0.8718275043909066,0.9410201786128265,0.9562216356019764,0.9710433900756448,1.5282933454051606,1.5439220164634469e-06
1267,0.5060370985271256,0.47108955028189325,0.8743883979083208,0.9421500871532981,0.9571725635301672,0.9714658955383627,1.5295005281424476,1.5271414279833798e-06
1268,0.5036778990778826,0.4684425629351545,0.8758770536151356,0.9432826734378593,0.9579710850225531,0.9717129037213887,1.5307077108797345,1.5104514573068252e-06
1269,0.4962018177104858,0.4852081980895855,0.8780718977018812,0.9435888527350353,0.9582765015753811,0.9719686202792257,1.5319148936170213,1.4938521989719631e-06
1270,0.5028939767679951,0.4851900565566224,0.875792451641599,0.94258555423414,0.9573464872510972,0.971788626111723,1.533122076354308,1.4773437470031582e-06
1271,0.4734215859849685,0.5011501407231003,0.8828210872618466,0.9458096070468979,0.9597944400341963,0.9734529570713238,1.534329259091595,1.4609261949103942e-06
1272,0.5208248667927631,0.4671263945881458,0.8716618535048569,0.9406849805484617,0.9558099238645313,0.9702780495954557,1.535536441828882,1.4445996356887777e-06
1273,0.5263033445483304,0.4547464855473069,0.8706839458340093,0.9400280563799636,0.9552624798404412,0.9695989082823578,1.5367436245661688,1.4283641618179959e-06
1274,0.47134539378592055,0.4935075608152531,0.8842057258870851,0.9464009036857249,0.9603158702172967,0.9734752211511307,1.5379508073034556,1.4122198652617907e-06
1275,0.49819034766142367,0.4882131288424671,0.878013401489882,0.9434757738992758,0.9577500699486343,0.9714657318537009,1.5391579900407424,1.3961668374674465e-06
1276,0.5206019637344245,0.4664905821460968,0.870654298691746,0.9390015750946153,0.954704820018489,0.9708640887013913,1.5403651727780292,1.380205169365264e-06
1277,0.48171524856347,0.5006366249688251,0.8808736328016902,0.9454637929816995,0.959597154815229,0.9729508963248106,1.5415723555153162,1.364334951368053e-06
1278,0.4784134060254972,0.4946725933788894,0.8808717881163886,0.9451266425733633,0.9592571167837922,0.9732205415456752,1.542779538252603,1.3485562733706125e-06
1279,0.46041859395901663,0.5039374407322403,0.8857987409141825,0.9470222181512162,0.9607389639162569,0.9746904286196809,1.5439867209898899,1.3328692247492264e-06
1280,0.5166568439828816,0.46112972463616375,0.8719287029703915,0.9402610662112003,0.9556025228766901,0.9710021850936537,1.5451939037271767,1.317273894361154e-06
1281,0.48770223385379813,0.4895208786544278,0.8795069655055264,0.9445088073229899,0.958728019864908,0.9723202510215884,1.5464010864644635,1.3017703705441317e-06
1282,0.5327170688276978,0.4480898048350376,0.8687599590990721,0.9392157218431386,0.9545993971791344,0.9692822956457315,1.5476082692017503,1.286358741115866e-06
1283,0.4789045982046593,0.5016860640573131,0.8820696840574677,0.9456426950812039,0.9596546900969563,0.9726839563324944,1.5488154519390374,1.2710390933735443e-06
1284,0.4815486848082426,0.5028188676206072,0.8806317077664277,0.9444840598220839,0.9587179127373462,0.9725260196664098,1.5500226346763242,1.2558115140933246e-06
1285,0.4854524694654597,0.496053000654494,0.8795293538207788,0.9435354397298376,0.9581326491458155,0.9727861742196463,1.551229817413611,1.2406760895298712e-06
1286,0.5149215901505053,0.46279057536552015,0.8732243473876888,0.9420571741760408,0.9568839988121735,0.9707617080639478,1.5524370001508978,1.225632905415838e-06
1287,0.514198290927989,0.4659775269181636,0.8728911291862375,0.9415568793676251,0.9567676709817848,0.9712825065872379,1.5536441828881846,1.2106820469614012e-06
1288,0.5333886743124097,0.4512495458032218,0.8667135399574134,0.9373936287940653,0.9536374182420417,0.9706949712654643,1.5548513656254717,1.195823598853763e-06
1289,0.5267170147586843,0.45921827357796235,0.8701927664853517,0.9401345548239336,0.9554909819639279,0.9701717721156599,1.5560585483627585,1.1810576452566832e-06
1290,0.49556286220939755,0.48451398563926695,0.8765296300076988,0.9416310265776642,0.9567463039407142,0.9722822981250913,1.5572657311000453,1.1663842698100038e-06
1291,0.48797695343810826,0.5009287268481665,0.8802845528455284,0.9441648536203672,0.9586014733386771,0.9719245009351501,1.558472913837332,1.151803555629166e-06
1292,0.49913517377034555,0.49183504013285356,0.876461670996307,0.9428315752417714,0.9574814372434295,0.9718412785334111,1.559680096574619,1.1373155853047334e-06
1293,0.5074367567087414,0.4831323562215428,0.8750991492493292,0.9422638768382581,0.9569479880457743,0.9710698955675632,1.5608872793119057,1.1229204409019454e-06
1294,0.4897495970091525,0.49071688845584016,0.8794603102185427,0.9436649158691359,0.9579999484591677,0.9718405708433512,1.5620944620491928,1.1086182039602426e-06
1295,0.5386513021509443,0.4641971441250946,0.8679772599716704,0.9381502537063268,0.9535081724363061,0.968292436153438,1.5633016447864796,1.0944089554927983e-06
1296,0.48014832615808095,0.49721039209848417,0.8814305380258552,0.9457204158283415,0.9597422680904122,0.9728597309155226,1.5645088275237664,1.08029277598606e-06
1297,0.5097255998993108,0.4786588610963278,0.8738561530092195,0.9411546316974937,0.9559497222699421,0.9709996373284469,1.5657160102610532,1.0662697453993071e-06
1298,0.49776449386479266,0.47616284436941986,0.876680700542043,0.9435460240163481,0.9582143030992561,0.972168639394943,1.56692319299834,1.0523399431641817e-06
1299,0.5233537910488615,0.46637958280657393,0.8698344091253882,0.938447519953438,0.95396277902611,0.9694627718700654,1.568130375735627,1.038503448184254e-06
1300,0.49976979828186724,0.4860095220363327,0.8769669893273765,0.9429377398476431,0.9575242950149875,0.9713977509212058,1.569337558472914,1.0247603388345615e-06
1301,0.4976869932356681,0.4791747501371403,0.8781389810423149,0.9432815143248883,0.9579761294797776,0.971750959620102,1.5705447412102007,1.0111106929611685e-06
1302,0.4851349326245334,0.4868509235182157,0.8800430760006912,0.94489384228952,0.9592295964202622,0.9730335834325424,1.5717519239474875,9.97554587880734e-07
1303,0.4674281398112532,0.5036698480978626,0.8850690875707266,0.9469945308257776,0.960544837017463,0.9734338035239003,1.5729591066847743,9.840921003800617e-07
1304,0.49520273519536245,0.48468278630586414,0.8781429099428028,0.9439660235760625,0.9583718133970789,0.9719285746347697,1.5741662894220612,9.707233067156794e-07
1305,0.5193052520474496,0.48048079031197205,0.8726906537997127,0.9403920221067251,0.9553551059757838,0.9700060612134835,1.5753734721593482,9.57448282613385e-07
1306,0.49195244403925104,0.4803211045573571,0.8780042789444252,0.9445683934491308,0.9589606860052561,0.9725666604957239,1.576580654896635,9.442671032678409e-07
1307,0.45819649066334006,0.525932568629288,0.8872871762664432,0.94770535020588,0.9612550563234825,0.9741242228199347,1.5777878376339218,9.311798433421335e-07
1308,0.49921829919408856,0.48203804632638086,0.8773161207060308,0.9433115407267829,0.9577864897294108,0.9718099318157737,1.5789950203712086,9.18186576967358e-07
1309,0.4874347692177032,0.49093839163056113,0.8796542464362533,0.9447435572003046,0.9589231559078322,0.9724328523142166,1.5802022031084955,9.05287377742192e-07
1310,0.4779914210597902,0.5007505213798966,0.8814023633621595,0.9451730523261364,0.9595240822404215,0.9732747265334173,1.5814093858457825,8.924823187324852e-07
1311,0.48957484637145376,0.4831664432705196,0.8791495988160565,0.9451596005049507,0.9593558538314522,0.9724280860248297,1.5826165685830693,8.797714724708378e-07
1312,0.49634156490237585,0.4866682397357244,0.8774038667965586,0.9438309776909711,0.9584810281179065,0.9721769265045308,1.5838237513203561,8.671549109561997e-07
1313,0.48778472270866685,0.4879282196944559,0.8798401139479292,0.9449620810007866,0.9588914898004384,0.9722356935014549,1.585030934057643,8.546327056534516e-07
1314,0.522246705484602,0.4666967450854012,0.8711307143252577,0.9407754702321524,0.9558144995485237,0.9704335508946486,1.5862381167949298,8.422049274930083e-07
1315,0.5063319578039485,0.4772727272727273,0.8746104143274036,0.9422769261296912,0.9571439065318742,0.9713965173640493,1.5874452995322166,8.298716468704152e-07
1316,0.49172469065962593,0.49466976122103773,0.8775235261958215,0.9433310402666955,0.9579567345077269,0.9720471678400744,1.5886524822695036,8.176329336459471e-07
1317,0.4908683817902138,0.4863175183448568,0.8789312767309642,0.9444329934290256,0.9587992465231855,0.9724421771433915,1.5898596650067904,8.054888571442159e-07
1318,0.5108624094946496,0.4699761486645873,0.8734686279937762,0.9420899397665117,0.9570499909315667,0.9714029343540889,1.5910668477440773,7.93439486153767e-07
1319,0.5298973699128903,0.46630837027447597,0.8692045505523066,0.9380975606496916,0.9537203981685545,0.9692659232583466,1.592274030481364,7.814848889267151e-07
1320,0.4769073737757434,0.512570073021721,0.882512391647624,0.945111322077885,0.9588907388236642,0.972492689047167,1.5934812132186509,7.696251331783263e-07
1321,0.5291894382177265,0.47527977722902326,0.871464289430649,0.9377388445342251,0.9526353925713921,0.9669868285264503,1.594688395955938,7.578602860866603e-07
1322,0.4661782855922503,0.4960229337424799,0.8847960496920028,0.947563136568991,0.961091719399816,0.9739137989635406,1.5958955786932247,7.461904142921672e-07
1323,0.5012652724325023,0.47702542484521143,0.8759010124550388,0.9431511601385314,0.9580235320165406,0.9720885356573323,1.5971027614305116,7.346155838973321e-07
1324,0.4842835597975195,0.48853331183749144,0.8781453983280528,0.9431137153109135,0.9582204069168225,0.9738090239340382,1.5983099441677984,7.231358604662861e-07
1325,0.5146153580056968,0.4813066241147846,0.8733477843566401,0.9408932793200895,0.955811162270617,0.9703932115809177,1.5995171269050852,7.117513090244439e-07
1326,0.5227386655872954,0.47208433483122586,0.8709318301381843,0.9400211386817826,0.9554120849480937,0.9702931822499997,1.6007243096423722,7.004619940581212e-07
1327,0.4790240974819913,0.4921603470353046,0.8806631458479889,0.9453503144588054,0.9595465378987528,0.9737083994719726,1.601931492379659,6.892679795141824e-07
1328,0.5037425290025489,0.47793689448885596,0.8757584868920293,0.9423841091209332,0.9571830152389407,0.9715084785399635,1.6031386751169459,6.781693287996845e-07
1329,0.5002654197431589,0.49156572096482837,0.8751566076749927,0.9411966209955906,0.9565277132369149,0.9722233089472243,1.6043458578542327,6.671661047814978e-07
1330,0.5142131955851061,0.46594160661297157,0.872834415807429,0.9415282727987362,0.956545215871538,0.9713312904973784,1.6055530405915195,6.562583697859619e-07
1331,0.5197072762611378,0.46242470473735436,0.8697985462652608,0.9394741664312491,0.9552722698571461,0.9711906270758095,1.6067602233288063,6.454461855985331e-07
1332,0.4929643947240301,0.48455991124260356,0.8776007560281792,0.9440023673609653,0.9585559098111839,0.9724145172683709,1.6079674060660933,6.347296134634301e-07
1333,0.47567446880100833,0.49150309222909383,0.8825615914015444,0.9463159703330374,0.9602474155952005,0.9735297767341523,1.6091745888033802,6.241087140833005e-07
1334,0.49608176586545105,0.4828342048275498,0.877907598217933,0.9435955532310465,0.9582323253532257,0.9718669710585891,1.610381771540667,6.135835476188476e-07
1335,0.512602946440843,0.4679427243341437,0.8730041318015094,0.9413320454660422,0.9563636328929196,0.9712138753702062,1.6115889542779538,6.031541736885191e-07
1336,0.4933346136922987,0.47290567260065053,0.8777122742752482,0.9434717492296979,0.9582214845128734,0.9726583292791117,1.6127961370152406,5.928206513681602e-07
1337,0.48348060352796896,0.4862972353012194,0.8805753802962594,0.944585197717793,0.9588389715754728,0.9728274612976211,1.6140033197525276,5.8258303919067e-07
1338,0.47341014424270195,0.4975259205328372,0.8831901407106173,0.9461815300609046,0.9599728888634325,0.9733948106993527,1.6152105024898145,5.724413951456822e-07
1339,0.4858683428478251,0.4878822467615205,0.8787196338648312,0.9447877173712854,0.9593308261420969,0.9733414510090952,1.6164176852271013,5.623957766792275e-07
1340,0.48815858130932854,0.49786739558161336,0.8803356292953809,0.9447556013008118,0.9587614790145759,0.9719147254107048,1.617624867964388,5.524462406934161e-07
1341,0.5128319598776105,0.4778919569082732,0.8730595654953296,0.9404888893129407,0.955752845652568,0.970638971844021,1.618832050701675,5.425928435461095e-07
1342,0.49244428430401765,0.4747191379468558,0.8773477762931857,0.9440045810269135,0.9585464783355602,0.9726875357892728,1.6200392334389617,5.328356410506022e-07
1343,0.5198036211521436,0.48118712403230585,0.872192581737136,0.9400934629373084,0.9554324139694461,0.9702189452312531,1.6212464161762488,5.23174688475307e-07
1344,0.45499026802425524,0.5034288398309066,0.886874348926038,0.9487640565198976,0.9623464610195103,0.9751513925828128,1.6224535989135356,5.13610040543442e-07
1345,0.5134050823586263,0.47245246221355436,0.8738174922868003,0.9412079066380756,0.9561142078426994,0.9706139735599244,1.6236607816508224,5.041417514327226e-07
1346,0.4860236383634999,0.49612371745608,0.8800000381773375,0.9436244800723842,0.9579180752513501,0.9722002172290507,1.6248679643881092,4.947698747750463e-07
1347,0.5357393628248298,0.45934267556571917,0.8663931923986873,0.937724185301076,0.9540296115393422,0.9705992902388766,1.626075147125396,4.854944636561989e-07
1348,0.4957509243797714,0.4729713659007122,0.8771803435114504,0.9438082061068702,0.9585782442748092,0.9725887404580152,1.627282329862683,4.7631557061554916e-07
1349,0.47538415125694106,0.5032833519434253,0.8822553643931426,0.94526801445394,0.9595024347597023,0.9732157344078981,1.6284895125999699,4.672332476457503e-07
1350,0.49656602263957345,0.48092100885073535,0.8769575221509085,0.9427586943746995,0.9574210313432494,0.9720165912403745,1.6296966953372567,4.582475461924466e-07
1351,0.4871826218456407,0.4936105003664468,0.8796793076341879,0.9443109922230957,0.9586341573239512,0.972610071052973,1.6309038780745435,4.4935851715398933e-07
1352,0.4738877634813601,0.499290761337876,0.8826974908416341,0.9463215209427508,0.9600325758089293,0.9733054039371665,1.6321110608118303,4.405662108811267e-07
1353,0.5392729712658296,0.4593619718493929,0.8681402322560929,0.9382659103063641,0.9540377416150967,0.9691802276720911,1.6333182435491171,4.3187067717674553e-07
1354,0.4824605411297746,0.48532249083869633,0.8797845594584409,0.9461608552741428,0.9603085627596998,0.9737826607574768,1.6345254262864042,4.2327196529557663e-07
1355,0.48616148386706043,0.49697646904167214,0.8796091385581852,0.9445366277460069,0.9587036842557498,0.9724859895171992,1.635732609023691,4.147701239439094e-07
1356,0.5120181214289807,0.4792028533923812,0.8740306892664004,0.9415805163287535,0.9563786283464868,0.9706130209627181,1.6369397917609778,4.063652012793261e-07
1357,0.5008250103917187,0.49655334482218394,0.8772778885697655,0.9429261171172031,0.9574908636367974,0.9713142050171277,1.6381469744982646,3.980572449104245e-07
1358,0.49257699834265856,0.47839752810185926,0.8781488544154111,0.9447861250932941,0.9590250457642098,0.97274762780097,1.6393541572355514,3.8984630189655387e-07
1359,0.5020799207531954,0.49144054028652373,0.8771975694099865,0.9426379993434965,0.9572690595967847,0.971064222844798,1.6405613399728385,3.817324187475396e-07
1360,0.4877297532258019,0.49325701231779656,0.8791237005165482,0.9450389606423065,0.959342345884985,0.9729356204496604,1.6417685227101253,3.7371564142342124e-07
1361,0.4729338273102443,0.4947131455078791,0.8824329068423,0.9450118483864444,0.9593262637324897,0.9735433734893785,1.6429757054474121,3.6579601533420024e-07
1362,0.48887132236809455,0.4895833333333333,0.8793154125694741,0.944059961522018,0.9584138139009345,0.9721845797960056,1.644182888184699,3.579735853395763e-07
1363,0.49694542466312724,0.48086149909372,0.8778419530931579,0.9429848298717798,0.957778878653292,0.972088987649513,1.6453900709219857,3.5024839574869677e-07
1364,0.5209468608175759,0.46147306900444973,0.8713519321495641,0.940658541612593,0.9558367177122616,0.9704471197154068,1.6465972536592726,3.4262049031989497e-07
1365,0.4824066231712269,0.5009065349344405,0.8802750638895622,0.9443955637072933,0.9587423251410915,0.9728094802758274,1.6478044363965596,3.3508991226045735e-07
1366,0.4960331231777469,0.4838611166434309,0.8777536003664786,0.9438810471364083,0.9582863305370248,0.9718842156497839,1.6490116191338464,3.2765670422637116e-07
1367,0.4972964194029926,0.4869299445025336,0.8774910503043994,0.9425339353560457,0.9569336162114753,0.9711309685713222,1.6502188018711332,3.20320908322084e-07
1368,0.5035537727823453,0.47401044075860704,0.875472897396058,0.9428829657681457,0.9575766656868322,0.9717922190960836,1.65142598460842,3.130825661002633e-07
1369,0.521171151596214,0.48102254386421617,0.8713726201096265,0.940357120708326,0.9556885999017274,0.9704686076299608,1.6526331673457069,3.059417185615651e-07
1370,0.5075242756881032,0.47318012860514963,0.8741169386506755,0.9411565992344814,0.9565118229783466,0.9717649393988265,1.653840350082994,2.9889840615439584e-07
1371,0.4947474543515875,0.4854706085845818,0.8772977160707027,0.9437671380566469,0.9585185086241277,0.9725628896313923,1.6550475328202807,2.91952668774691e-07
1372,0.5009225564578557,0.4892661074851454,0.8764830641943681,0.9426943040789874,0.957388928872098,0.9715881648852397,1.6562547155575675,2.851045457656803e-07
1373,0.526921310994973,0.471769808128684,0.8698818452412195,0.9381073670890183,0.9537697198965895,0.9695866730669944,1.6574618982948544,2.783540759176724e-07
1374,0.5033423229924016,0.48470932053021604,0.8761615635601667,0.9432167930878921,0.9576691569406731,0.9716560846712238,1.6586690810321412,2.7170129746783374e-07
1375,0.5022755493256751,0.47942716682697445,0.8760860357833766,0.9426637972809517,0.9576393578986329,0.9715961339606299,1.6598762637694282,2.651462480999694e-07
1376,0.5075467438084134,0.4695745250200696,0.8748885430887169,0.9417006367602555,0.9565676044640045,0.9710746641972716,1.661083446506715,2.586889649443055e-07
1377,0.5183133718151004,0.46593403669358596,0.8728846073090564,0.9410906321459521,0.9560611034972456,0.9701449518799461,1.6622906292440018,2.523294845772916e-07
1378,0.46361890302270187,0.49461775797051766,0.8849863303894765,0.9476193884221024,0.9612928159397678,0.9745005701635104,1.6634978119812887,2.4606784302138154e-07
1379,0.531896016658652,0.47991399941130547,0.8688084692046278,0.9378765894077666,0.9538002596509985,0.9693401809920196,1.6647049947185755,2.3990407574483713e-07
1380,0.498525754691307,0.4722658851738378,0.8765869148780816,0.9431874690395902,0.9579320212005433,0.9721726166330537,1.6659121774558623,2.338382176615207e-07
1381,0.5233693685779108,0.47800063005355453,0.872359940482042,0.9398931616385954,0.9549444476788855,0.969327636050932,1.6671193601931493,2.2787030313070132e-07
1382,0.4849417810453385,0.49880963341970613,0.8801914372295033,0.9449513010556526,0.9592508911601493,0.9727261104198948,1.6683265429304361,2.220003659568586e-07
1383,0.5088842427204338,0.48086262023572224,0.874841945645525,0.9414008411115957,0.9562772748136986,0.9709179987765997,1.669533725667723,2.162284393894965e-07
1384,0.5301772362184195,0.45415404241747726,0.8689204279728556,0.9387294436543766,0.9545159535376481,0.9703530489725406,1.6707409084050098,2.1055455612294741e-07
1385,0.46339996620786345,0.511742909115408,0.8848470905829716,0.9468260688194994,0.9606016145768204,0.9742654744597316,1.6719480911422966,2.049787482961897e-07
1386,0.4981667646158819,0.4854414588585686,0.8772358965059792,0.9433980091430535,0.9582244533732904,0.9720945991086,1.6731552738795836,1.9950104749266355e-07
1387,0.5258926174116213,0.47063779372079245,0.8714908972878023,0.9396843883951159,0.9549828637982224,0.9694440997050091,1.6743624566168704,1.9412148474010007e-07
1388,0.5034973223003947,0.4746314684106286,0.8759536538316529,0.9426762535542784,0.957244619306831,0.9715170934664272,1.6755696393541573,1.8884009051033904e-07
1389,0.5134930399559894,0.4801106090240777,0.8719053217396615,0.9397115068974204,0.9555284332511393,0.9713749417898939,1.676776822091444,1.8365689471915421e-07
1390,0.48337099808658224,0.4907752515840477,0.8805932130625173,0.9451578435207357,0.9593566051956229,0.9728035947681241,1.677984004828731,1.7857192672609042e-07
1391,0.5153050697000403,0.4607840520922289,0.8729327184716295,0.9417552201185805,0.9569778210599681,0.9711024546730445,1.6791911875660177,1.73585215334287e-07
1392,0.47137145272864944,0.5104346186988367,0.8831462110601856,0.945829628414091,0.9599334450215425,0.9738168745873705,1.6803983703033047,1.686967887903322e-07
1393,0.4874677329671642,0.4880923318957333,0.8801895085052631,0.9440522331863217,0.9584190317848598,0.9719459457911761,1.6816055530405916,1.6390667478408487e-07
1394,0.5042738532327398,0.4758895162036731,0.875914039261208,0.9433419757376273,0.9578463230324529,0.9714122885061114,1.6828127357778784,1.592149004485268e-07
1395,0.47253436783048297,0.5052846112642567,0.8830182881148726,0.9465146840306574,0.9606017718370856,0.9738557163839101,1.6840199185151652,1.5462149235960774e-07
1396,0.5008421994591172,0.47776053096397797,0.8769461369217881,0.9431219480546741,0.9576768291635738,0.9713567954263993,1.685227101252452,1.5012647653609383e-07
1397,0.49895345686994197,0.49074336259320683,0.874628355774361,0.9417242764928048,0.9574070662750821,0.9733093826625523,1.686434283989739,1.4572987843942423e-07
1398,0.49132952267997954,0.48578727981713055,0.8789936441588225,0.9437120900377417,0.9581318390693757,0.97224892899732,1.6876414667270259,1.4143172297355774e-07
1399,0.49568546552670434,0.48734084198431465,0.8779008914370331,0.9433546770627899,0.9578535287758698,0.9714631379385029,1.6888486494643127,1.372320344848409e-07
1400,0.5501912201642267,0.4457861305742911,0.8650275357573455,0.9375245215727791,0.9534617539833535,0.9684186007883179,1.6900558322015995,1.331308367618683e-07
1401,0.4912786474268957,0.4839813782702774,0.8786922117136942,0.9448768459268607,0.9589740995065437,0.9726226695904283,1.6912630149388863,1.291281530353468e-07
1402,0.4730475243375596,0.4937654170393863,0.8823457001001008,0.9456401731773579,0.9597878892267996,0.9739880890468279,1.6924701976761731,1.2522400597795775e-07
1403,0.5138570254541939,0.47915577626764244,0.8737620502680594,0.9415241119875714,0.9563871430725392,0.9707195901906858,1.6936773804134602,1.2141841770423866e-07
1404,0.5128925258198113,0.4595585326617263,0.8732789578239609,0.9421244651589242,0.9570379355134474,0.971208358801956,1.694884563150747,1.1771140977045319e-07
1405,0.48086556354260435,0.4921044538635361,0.8814901921107364,0.9453839303525801,0.9594216538112414,0.9724371156377395,1.6960917458880338,1.1410300317446893e-07
1406,0.5060071249376085,0.46876701052827235,0.8750102594544451,0.942366679582445,0.9572252327226015,0.9714128652604375,1.6972989286253206,1.1059321835563716e-07
1407,0.48773654796748106,0.480215510822921,0.8790218851620586,0.9450437779575884,0.9594013831849896,0.9730032747591639,1.6985061113626074,1.0718207519468411e-07
1408,0.531814630068375,0.4537323925326112,0.868779252212288,0.9397557130095516,0.9553104456643736,0.9700482160445283,1.6997132940998945,1.0386959301358883e-07
1409,0.4847670240340709,0.4849344299933822,0.8798866660877183,0.9448628035542339,0.9593339676316972,0.9728737246833359,1.7009204768371813,1.0065579057547641e-07
1410,0.49913928615115677,0.48586685467340357,0.8776265603742511,0.9430956870420316,0.9573916986896437,0.9712017566890231,1.702127659574468,9.754068608451714e-08
1411,0.5039941936320698,0.4782631565105331,0.8756589209447604,0.9435356538042243,0.9583015924837668,0.9719057683385741,1.703334842311755,9.452429718581981e-08
1412,0.49663040587598334,0.47952135552977365,0.8778350736763773,0.9438389948147476,0.958374874184885,0.972157055425434,1.7045420250490417,9.160664096532688e-08
1413,0.5326447607970359,0.45173158441973926,0.8688814091005364,0.9392915953510825,0.9550029671099205,0.9700722600981913,1.7057492077863285,8.878773394972529e-08
1414,0.5063863407524983,0.4717740884568271,0.8749796045720108,0.9423785028849393,0.9572817164410526,0.9715904807977642,1.7069563905236156,8.606759210635138e-08
1415,0.4861826245701185,0.4890341014312548,0.8801755233525113,0.9444271526529957,0.9587399821650553,0.9723214643749845,1.7081635732609024,8.344623084309584e-08
1416,0.4918017259449782,0.49223464502181724,0.8780571352238464,0.9436815388725621,0.9585015839090111,0.9728617228350063,1.7093707559981892,8.09236650083222e-08
1417,0.5044400366952868,0.4708339410976887,0.8750843199683996,0.9430354806977639,0.9575533040547052,0.9716952058552167,1.710577938735476,7.849990889077954e-08
1418,0.5076348287745769,0.4806524079809648,0.8750960546248929,0.9415090575334986,0.956487374246001,0.9712165455463587,1.7117851214727628,7.617497621951905e-08
1419,0.4816887518614599,0.4917561961493458,0.8810536816331206,0.945077393765542,0.9591414375241631,0.9726289060822001,1.7129923042100499,7.394888016382226e-08
1420,0.5172395956336651,0.467402967887147,0.8735350528153895,0.9415795952251452,0.9563383238389679,0.9703107854082577,1.7141994869473367,7.18216333331215e-08
1421,0.5126994010094859,0.4791798831103972,0.8731404145760556,0.9400272360386652,0.9552496223052843,0.9710249421759417,1.7154066696846235,6.979324777693584e-08
1422,0.4886828397985138,0.4893764918815413,0.8780566225310886,0.9440863477379801,0.958832553852847,0.973299215558316,1.7166138524219103,6.786373498478968e-08
1423,0.49189043409457245,0.48703216889346596,0.877678313215064,0.9428521524337109,0.9576184881280417,0.9724354098085273,1.7178210351591972,6.603310588616029e-08
1424,0.4981790415916919,0.4988260263978245,0.8775950285419729,0.9434353462265411,0.957842837778499,0.9716222150098321,1.7190282178964842,6.430137085040798e-08
1425,0.5186174483944186,0.476665007987848,0.8724049260350228,0.9400023671847111,0.9551093963869889,0.9696045847022597,1.720235400633771,6.266853968672377e-08
1426,0.4856839826230107,0.491872286349677,0.8795346274565599,0.9445699056669534,0.9588215578559786,0.9723455880035942,1.7214425833710578,6.113462164406919e-08
1427,0.505961712302945,0.4816991112710024,0.8759100180284789,0.9423795300372793,0.9568223660086781,0.9707887077553016,1.7226497661083446,5.969962541112584e-08
1428,0.5239700856943624,0.4533958909785994,0.8707006922810331,0.940646759091738,0.9559703152642669,0.9704451087304171,1.7238569488456315,5.83635591162411e-08
1429,0.47021139894120567,0.5092013912023773,0.8840804432532866,0.9460522634809667,0.9595921886442602,0.9728475853752386,1.7250641315829183,5.7126430327393206e-08
1430,0.49855334865800427,0.4770359720036894,0.8776894284809474,0.9431228084901809,0.957907749598422,0.9721156010698574,1.7262713143202053,5.598824605213688e-08
1431,0.48997305250683465,0.4916642175852948,0.8795531950638402,0.9447889302950699,0.9588141074592217,0.9722694193292198,1.7274784970574921,5.4949012737570405e-08
1432,0.49411869099942085,0.47757020707541437,0.8780144984097934,0.9437649872086887,0.958307291095129,0.9721158002513414,1.728685679794779,5.400873627029483e-08
1433,0.5179749163482545,0.4772019631642831,0.8721038670468202,0.9402327310630394,0.9557665893187305,0.9706981454631188,1.7298928625320658,5.316742197638687e-08
1434,0.4895080822153978,0.4794678539817075,0.8793249911710526,0.9444759423111798,0.9584428600062995,0.9719019939104124,1.7311000452693526,5.242507462136198e-08
1435,0.5126089616182481,0.4770166981810434,0.872691563692887,0.9401367636921232,0.9556339117433075,0.9711826182933373,1.7323072280066396,5.178169841015305e-08
1436,0.46685282113615245,0.49367292657370837,0.8831595803971568,0.9474408501996473,0.9613522190241333,0.9747215244959192,1.7335144107439264,5.123729698707743e-08
1437,0.49166368794518645,0.4865702479338843,0.8780322800723273,0.94303898322066,0.9573393510589066,0.9719240659723382,1.7347215934812132,5.079187343582914e-08
1438,0.46141890280245473,0.5012395642094261,0.8856393662874302,0.9478178558239971,0.9614287636345246,0.9743640879670759,1.7359287762185,5.0445430279451724e-08
1439,0.4844398093331224,0.4840613775618001,0.8800462978866331,0.9453223103904976,0.9594683567494532,0.9730103931694396,1.7371359589557869,5.0197969480328566e-08
1440,0.48365357111706286,0.48565437173647374,0.8795122989588673,0.9437022782354867,0.9580330065892905,0.9724400993118616,1.7383431416930737,5.0049492440167327e-08
